qseqid	sseqid	qcovs	qstart	qend	pident	evalue	qseq	sseq
ASD49649.1	ANW82078.1	100	1	744	100.000	0.0	MAKQKIKIKKNKIGAVLLVGLFGLLFFILVLRISYIMITGHSNGQDLVMKANEKYLVKNAQQPERGKIYDRNGKVLAEDVERYKLVAVIDKKASANSKKPRHVVDKKETAKKLSTVIDMKPEEIEKRLSQKKAFQIEFGRKGTNLTYQDKLKIEKMNLPGISLLPETERFYPNGNFASHLIGRAQKNPDTGELKGALGVEKIFDSYLSGSKGSLRYIHDIWGYIAPNTKKEKQPKRGDDVHLTIDSNIQVFVEEALDGMVERYQPKDLFAVVMDAKTGEILAYSQRPTFNPETGKDFGKKWANDLYQNTYEPGSTFKSYGLAAAIQEGAFDPDKKYKSGHRDIMGSRISDWNRVGWGEIPMSLGFTYSSNTLMMHLQDLVGADKMKSWYERFGFGKSTKGMFDGEAPGQIGWSNELQQKTSSFGQSTTVTPVQMLQAQSAFFNDGNMLKPWFVNSVENPVSKRQFYKGQKQIAGKPITKDTAEKVEKQLDLVVNSKKSHAANYRIDGYEVEGKTGTAQVAAPNGGGYVKGPNPYFVSFMGDAPKKNPKVIVYAGMSLAQKNDQEAYELGVSKAFKPIMENTLKYLNVGKSKDDTSNAEYSKVPDVEGQDKQKAIDNVSAKSLEPVTIGSGTQIKAQSIKAGNKVLPHSKVLLLTDGDLTMPDMSGWTKEDVIAFENLTNIKVNLKGSGFVSHQSISKGQKLTEKDKIDVEFSSENVDSNSTNNSDSNSDDKKKSDSKTDKDKSD	MAKQKIKIKKNKIGAVLLVGLFGLLFFILVLRISYIMITGHSNGQDLVMKANEKYLVKNAQQPERGKIYDRNGKVLAEDVERYKLVAVIDKKASANSKKPRHVVDKKETAKKLSTVIDMKPEEIEKRLSQKKAFQIEFGRKGTNLTYQDKLKIEKMNLPGISLLPETERFYPNGNFASHLIGRAQKNPDTGELKGALGVEKIFDSYLSGSKGSLRYIHDIWGYIAPNTKKEKQPKRGDDVHLTIDSNIQVFVEEALDGMVERYQPKDLFAVVMDAKTGEILAYSQRPTFNPETGKDFGKKWANDLYQNTYEPGSTFKSYGLAAAIQEGAFDPDKKYKSGHRDIMGSRISDWNRVGWGEIPMSLGFTYSSNTLMMHLQDLVGADKMKSWYERFGFGKSTKGMFDGEAPGQIGWSNELQQKTSSFGQSTTVTPVQMLQAQSAFFNDGNMLKPWFVNSVENPVSKRQFYKGQKQIAGKPITKDTAEKVEKQLDLVVNSKKSHAANYRIDGYEVEGKTGTAQVAAPNGGGYVKGPNPYFVSFMGDAPKKNPKVIVYAGMSLAQKNDQEAYELGVSKAFKPIMENTLKYLNVGKSKDDTSNAEYSKVPDVEGQDKQKAIDNVSAKSLEPVTIGSGTQIKAQSIKAGNKVLPHSKVLLLTDGDLTMPDMSGWTKEDVIAFENLTNIKVNLKGSGFVSHQSISKGQKLTEKDKIDVEFSSENVDSNSTNNSDSNSDDKKKSDSKTDKDKSD
ASD49649.1	ASD49626.1	100	1	744	100.000	0.0	MAKQKIKIKKNKIGAVLLVGLFGLLFFILVLRISYIMITGHSNGQDLVMKANEKYLVKNAQQPERGKIYDRNGKVLAEDVERYKLVAVIDKKASANSKKPRHVVDKKETAKKLSTVIDMKPEEIEKRLSQKKAFQIEFGRKGTNLTYQDKLKIEKMNLPGISLLPETERFYPNGNFASHLIGRAQKNPDTGELKGALGVEKIFDSYLSGSKGSLRYIHDIWGYIAPNTKKEKQPKRGDDVHLTIDSNIQVFVEEALDGMVERYQPKDLFAVVMDAKTGEILAYSQRPTFNPETGKDFGKKWANDLYQNTYEPGSTFKSYGLAAAIQEGAFDPDKKYKSGHRDIMGSRISDWNRVGWGEIPMSLGFTYSSNTLMMHLQDLVGADKMKSWYERFGFGKSTKGMFDGEAPGQIGWSNELQQKTSSFGQSTTVTPVQMLQAQSAFFNDGNMLKPWFVNSVENPVSKRQFYKGQKQIAGKPITKDTAEKVEKQLDLVVNSKKSHAANYRIDGYEVEGKTGTAQVAAPNGGGYVKGPNPYFVSFMGDAPKKNPKVIVYAGMSLAQKNDQEAYELGVSKAFKPIMENTLKYLNVGKSKDDTSNAEYSKVPDVEGQDKQKAIDNVSAKSLEPVTIGSGTQIKAQSIKAGNKVLPHSKVLLLTDGDLTMPDMSGWTKEDVIAFENLTNIKVNLKGSGFVSHQSISKGQKLTEKDKIDVEFSSENVDSNSTNNSDSNSDDKKKSDSKTDKDKSD	MAKQKIKIKKNKIGAVLLVGLFGLLFFILVLRISYIMITGHSNGQDLVMKANEKYLVKNAQQPERGKIYDRNGKVLAEDVERYKLVAVIDKKASANSKKPRHVVDKKETAKKLSTVIDMKPEEIEKRLSQKKAFQIEFGRKGTNLTYQDKLKIEKMNLPGISLLPETERFYPNGNFASHLIGRAQKNPDTGELKGALGVEKIFDSYLSGSKGSLRYIHDIWGYIAPNTKKEKQPKRGDDVHLTIDSNIQVFVEEALDGMVERYQPKDLFAVVMDAKTGEILAYSQRPTFNPETGKDFGKKWANDLYQNTYEPGSTFKSYGLAAAIQEGAFDPDKKYKSGHRDIMGSRISDWNRVGWGEIPMSLGFTYSSNTLMMHLQDLVGADKMKSWYERFGFGKSTKGMFDGEAPGQIGWSNELQQKTSSFGQSTTVTPVQMLQAQSAFFNDGNMLKPWFVNSVENPVSKRQFYKGQKQIAGKPITKDTAEKVEKQLDLVVNSKKSHAANYRIDGYEVEGKTGTAQVAAPNGGGYVKGPNPYFVSFMGDAPKKNPKVIVYAGMSLAQKNDQEAYELGVSKAFKPIMENTLKYLNVGKSKDDTSNAEYSKVPDVEGQDKQKAIDNVSAKSLEPVTIGSGTQIKAQSIKAGNKVLPHSKVLLLTDGDLTMPDMSGWTKEDVIAFENLTNIKVNLKGSGFVSHQSISKGQKLTEKDKIDVEFSSENVDSNSTNNSDSNSDDKKKSDSKTDKDKSD
ASD49649.1	ASD49630.1	100	1	744	100.000	0.0	MAKQKIKIKKNKIGAVLLVGLFGLLFFILVLRISYIMITGHSNGQDLVMKANEKYLVKNAQQPERGKIYDRNGKVLAEDVERYKLVAVIDKKASANSKKPRHVVDKKETAKKLSTVIDMKPEEIEKRLSQKKAFQIEFGRKGTNLTYQDKLKIEKMNLPGISLLPETERFYPNGNFASHLIGRAQKNPDTGELKGALGVEKIFDSYLSGSKGSLRYIHDIWGYIAPNTKKEKQPKRGDDVHLTIDSNIQVFVEEALDGMVERYQPKDLFAVVMDAKTGEILAYSQRPTFNPETGKDFGKKWANDLYQNTYEPGSTFKSYGLAAAIQEGAFDPDKKYKSGHRDIMGSRISDWNRVGWGEIPMSLGFTYSSNTLMMHLQDLVGADKMKSWYERFGFGKSTKGMFDGEAPGQIGWSNELQQKTSSFGQSTTVTPVQMLQAQSAFFNDGNMLKPWFVNSVENPVSKRQFYKGQKQIAGKPITKDTAEKVEKQLDLVVNSKKSHAANYRIDGYEVEGKTGTAQVAAPNGGGYVKGPNPYFVSFMGDAPKKNPKVIVYAGMSLAQKNDQEAYELGVSKAFKPIMENTLKYLNVGKSKDDTSNAEYSKVPDVEGQDKQKAIDNVSAKSLEPVTIGSGTQIKAQSIKAGNKVLPHSKVLLLTDGDLTMPDMSGWTKEDVIAFENLTNIKVNLKGSGFVSHQSISKGQKLTEKDKIDVEFSSENVDSNSTNNSDSNSDDKKKSDSKTDKDKSD	MAKQKIKIKKNKIGAVLLVGLFGLLFFILVLRISYIMITGHSNGQDLVMKANEKYLVKNAQQPERGKIYDRNGKVLAEDVERYKLVAVIDKKASANSKKPRHVVDKKETAKKLSTVIDMKPEEIEKRLSQKKAFQIEFGRKGTNLTYQDKLKIEKMNLPGISLLPETERFYPNGNFASHLIGRAQKNPDTGELKGALGVEKIFDSYLSGSKGSLRYIHDIWGYIAPNTKKEKQPKRGDDVHLTIDSNIQVFVEEALDGMVERYQPKDLFAVVMDAKTGEILAYSQRPTFNPETGKDFGKKWANDLYQNTYEPGSTFKSYGLAAAIQEGAFDPDKKYKSGHRDIMGSRISDWNRVGWGEIPMSLGFTYSSNTLMMHLQDLVGADKMKSWYERFGFGKSTKGMFDGEAPGQIGWSNELQQKTSSFGQSTTVTPVQMLQAQSAFFNDGNMLKPWFVNSVENPVSKRQFYKGQKQIAGKPITKDTAEKVEKQLDLVVNSKKSHAANYRIDGYEVEGKTGTAQVAAPNGGGYVKGPNPYFVSFMGDAPKKNPKVIVYAGMSLAQKNDQEAYELGVSKAFKPIMENTLKYLNVGKSKDDTSNAEYSKVPDVEGQDKQKAIDNVSAKSLEPVTIGSGTQIKAQSIKAGNKVLPHSKVLLLTDGDLTMPDMSGWTKEDVIAFENLTNIKVNLKGSGFVSHQSISKGQKLTEKDKIDVEFSSENVDSNSTNNSDSNSDDKKKSDSKTDKDKSD
ASD49649.1	ASD49632.1	100	1	744	100.000	0.0	MAKQKIKIKKNKIGAVLLVGLFGLLFFILVLRISYIMITGHSNGQDLVMKANEKYLVKNAQQPERGKIYDRNGKVLAEDVERYKLVAVIDKKASANSKKPRHVVDKKETAKKLSTVIDMKPEEIEKRLSQKKAFQIEFGRKGTNLTYQDKLKIEKMNLPGISLLPETERFYPNGNFASHLIGRAQKNPDTGELKGALGVEKIFDSYLSGSKGSLRYIHDIWGYIAPNTKKEKQPKRGDDVHLTIDSNIQVFVEEALDGMVERYQPKDLFAVVMDAKTGEILAYSQRPTFNPETGKDFGKKWANDLYQNTYEPGSTFKSYGLAAAIQEGAFDPDKKYKSGHRDIMGSRISDWNRVGWGEIPMSLGFTYSSNTLMMHLQDLVGADKMKSWYERFGFGKSTKGMFDGEAPGQIGWSNELQQKTSSFGQSTTVTPVQMLQAQSAFFNDGNMLKPWFVNSVENPVSKRQFYKGQKQIAGKPITKDTAEKVEKQLDLVVNSKKSHAANYRIDGYEVEGKTGTAQVAAPNGGGYVKGPNPYFVSFMGDAPKKNPKVIVYAGMSLAQKNDQEAYELGVSKAFKPIMENTLKYLNVGKSKDDTSNAEYSKVPDVEGQDKQKAIDNVSAKSLEPVTIGSGTQIKAQSIKAGNKVLPHSKVLLLTDGDLTMPDMSGWTKEDVIAFENLTNIKVNLKGSGFVSHQSISKGQKLTEKDKIDVEFSSENVDSNSTNNSDSNSDDKKKSDSKTDKDKSD	MAKQKIKIKKNKIGAVLLVGLFGLLFFILVLRISYIMITGHSNGQDLVMKANEKYLVKNAQQPERGKIYDRNGKVLAEDVERYKLVAVIDKKASANSKKPRHVVDKKETAKKLSTVIDMKPEEIEKRLSQKKAFQIEFGRKGTNLTYQDKLKIEKMNLPGISLLPETERFYPNGNFASHLIGRAQKNPDTGELKGALGVEKIFDSYLSGSKGSLRYIHDIWGYIAPNTKKEKQPKRGDDVHLTIDSNIQVFVEEALDGMVERYQPKDLFAVVMDAKTGEILAYSQRPTFNPETGKDFGKKWANDLYQNTYEPGSTFKSYGLAAAIQEGAFDPDKKYKSGHRDIMGSRISDWNRVGWGEIPMSLGFTYSSNTLMMHLQDLVGADKMKSWYERFGFGKSTKGMFDGEAPGQIGWSNELQQKTSSFGQSTTVTPVQMLQAQSAFFNDGNMLKPWFVNSVENPVSKRQFYKGQKQIAGKPITKDTAEKVEKQLDLVVNSKKSHAANYRIDGYEVEGKTGTAQVAAPNGGGYVKGPNPYFVSFMGDAPKKNPKVIVYAGMSLAQKNDQEAYELGVSKAFKPIMENTLKYLNVGKSKDDTSNAEYSKVPDVEGQDKQKAIDNVSAKSLEPVTIGSGTQIKAQSIKAGNKVLPHSKVLLLTDGDLTMPDMSGWTKEDVIAFENLTNIKVNLKGSGFVSHQSISKGQKLTEKDKIDVEFSSENVDSNSTNNSDSNSDDKKKSDSKTDKDKSD
ASD49649.1	ASD49633.1	100	1	744	100.000	0.0	MAKQKIKIKKNKIGAVLLVGLFGLLFFILVLRISYIMITGHSNGQDLVMKANEKYLVKNAQQPERGKIYDRNGKVLAEDVERYKLVAVIDKKASANSKKPRHVVDKKETAKKLSTVIDMKPEEIEKRLSQKKAFQIEFGRKGTNLTYQDKLKIEKMNLPGISLLPETERFYPNGNFASHLIGRAQKNPDTGELKGALGVEKIFDSYLSGSKGSLRYIHDIWGYIAPNTKKEKQPKRGDDVHLTIDSNIQVFVEEALDGMVERYQPKDLFAVVMDAKTGEILAYSQRPTFNPETGKDFGKKWANDLYQNTYEPGSTFKSYGLAAAIQEGAFDPDKKYKSGHRDIMGSRISDWNRVGWGEIPMSLGFTYSSNTLMMHLQDLVGADKMKSWYERFGFGKSTKGMFDGEAPGQIGWSNELQQKTSSFGQSTTVTPVQMLQAQSAFFNDGNMLKPWFVNSVENPVSKRQFYKGQKQIAGKPITKDTAEKVEKQLDLVVNSKKSHAANYRIDGYEVEGKTGTAQVAAPNGGGYVKGPNPYFVSFMGDAPKKNPKVIVYAGMSLAQKNDQEAYELGVSKAFKPIMENTLKYLNVGKSKDDTSNAEYSKVPDVEGQDKQKAIDNVSAKSLEPVTIGSGTQIKAQSIKAGNKVLPHSKVLLLTDGDLTMPDMSGWTKEDVIAFENLTNIKVNLKGSGFVSHQSISKGQKLTEKDKIDVEFSSENVDSNSTNNSDSNSDDKKKSDSKTDKDKSD	MAKQKIKIKKNKIGAVLLVGLFGLLFFILVLRISYIMITGHSNGQDLVMKANEKYLVKNAQQPERGKIYDRNGKVLAEDVERYKLVAVIDKKASANSKKPRHVVDKKETAKKLSTVIDMKPEEIEKRLSQKKAFQIEFGRKGTNLTYQDKLKIEKMNLPGISLLPETERFYPNGNFASHLIGRAQKNPDTGELKGALGVEKIFDSYLSGSKGSLRYIHDIWGYIAPNTKKEKQPKRGDDVHLTIDSNIQVFVEEALDGMVERYQPKDLFAVVMDAKTGEILAYSQRPTFNPETGKDFGKKWANDLYQNTYEPGSTFKSYGLAAAIQEGAFDPDKKYKSGHRDIMGSRISDWNRVGWGEIPMSLGFTYSSNTLMMHLQDLVGADKMKSWYERFGFGKSTKGMFDGEAPGQIGWSNELQQKTSSFGQSTTVTPVQMLQAQSAFFNDGNMLKPWFVNSVENPVSKRQFYKGQKQIAGKPITKDTAEKVEKQLDLVVNSKKSHAANYRIDGYEVEGKTGTAQVAAPNGGGYVKGPNPYFVSFMGDAPKKNPKVIVYAGMSLAQKNDQEAYELGVSKAFKPIMENTLKYLNVGKSKDDTSNAEYSKVPDVEGQDKQKAIDNVSAKSLEPVTIGSGTQIKAQSIKAGNKVLPHSKVLLLTDGDLTMPDMSGWTKEDVIAFENLTNIKVNLKGSGFVSHQSISKGQKLTEKDKIDVEFSSENVDSNSTNNSDSNSDDKKKSDSKTDKDKSD
ASD49649.1	ASD49643.1	100	1	744	100.000	0.0	MAKQKIKIKKNKIGAVLLVGLFGLLFFILVLRISYIMITGHSNGQDLVMKANEKYLVKNAQQPERGKIYDRNGKVLAEDVERYKLVAVIDKKASANSKKPRHVVDKKETAKKLSTVIDMKPEEIEKRLSQKKAFQIEFGRKGTNLTYQDKLKIEKMNLPGISLLPETERFYPNGNFASHLIGRAQKNPDTGELKGALGVEKIFDSYLSGSKGSLRYIHDIWGYIAPNTKKEKQPKRGDDVHLTIDSNIQVFVEEALDGMVERYQPKDLFAVVMDAKTGEILAYSQRPTFNPETGKDFGKKWANDLYQNTYEPGSTFKSYGLAAAIQEGAFDPDKKYKSGHRDIMGSRISDWNRVGWGEIPMSLGFTYSSNTLMMHLQDLVGADKMKSWYERFGFGKSTKGMFDGEAPGQIGWSNELQQKTSSFGQSTTVTPVQMLQAQSAFFNDGNMLKPWFVNSVENPVSKRQFYKGQKQIAGKPITKDTAEKVEKQLDLVVNSKKSHAANYRIDGYEVEGKTGTAQVAAPNGGGYVKGPNPYFVSFMGDAPKKNPKVIVYAGMSLAQKNDQEAYELGVSKAFKPIMENTLKYLNVGKSKDDTSNAEYSKVPDVEGQDKQKAIDNVSAKSLEPVTIGSGTQIKAQSIKAGNKVLPHSKVLLLTDGDLTMPDMSGWTKEDVIAFENLTNIKVNLKGSGFVSHQSISKGQKLTEKDKIDVEFSSENVDSNSTNNSDSNSDDKKKSDSKTDKDKSD	MAKQKIKIKKNKIGAVLLVGLFGLLFFILVLRISYIMITGHSNGQDLVMKANEKYLVKNAQQPERGKIYDRNGKVLAEDVERYKLVAVIDKKASANSKKPRHVVDKKETAKKLSTVIDMKPEEIEKRLSQKKAFQIEFGRKGTNLTYQDKLKIEKMNLPGISLLPETERFYPNGNFASHLIGRAQKNPDTGELKGALGVEKIFDSYLSGSKGSLRYIHDIWGYIAPNTKKEKQPKRGDDVHLTIDSNIQVFVEEALDGMVERYQPKDLFAVVMDAKTGEILAYSQRPTFNPETGKDFGKKWANDLYQNTYEPGSTFKSYGLAAAIQEGAFDPDKKYKSGHRDIMGSRISDWNRVGWGEIPMSLGFTYSSNTLMMHLQDLVGADKMKSWYERFGFGKSTKGMFDGEAPGQIGWSNELQQKTSSFGQSTTVTPVQMLQAQSAFFNDGNMLKPWFVNSVENPVSKRQFYKGQKQIAGKPITKDTAEKVEKQLDLVVNSKKSHAANYRIDGYEVEGKTGTAQVAAPNGGGYVKGPNPYFVSFMGDAPKKNPKVIVYAGMSLAQKNDQEAYELGVSKAFKPIMENTLKYLNVGKSKDDTSNAEYSKVPDVEGQDKQKAIDNVSAKSLEPVTIGSGTQIKAQSIKAGNKVLPHSKVLLLTDGDLTMPDMSGWTKEDVIAFENLTNIKVNLKGSGFVSHQSISKGQKLTEKDKIDVEFSSENVDSNSTNNSDSNSDDKKKSDSKTDKDKSD
ASD49649.1	ASD49646.1	100	1	744	100.000	0.0	MAKQKIKIKKNKIGAVLLVGLFGLLFFILVLRISYIMITGHSNGQDLVMKANEKYLVKNAQQPERGKIYDRNGKVLAEDVERYKLVAVIDKKASANSKKPRHVVDKKETAKKLSTVIDMKPEEIEKRLSQKKAFQIEFGRKGTNLTYQDKLKIEKMNLPGISLLPETERFYPNGNFASHLIGRAQKNPDTGELKGALGVEKIFDSYLSGSKGSLRYIHDIWGYIAPNTKKEKQPKRGDDVHLTIDSNIQVFVEEALDGMVERYQPKDLFAVVMDAKTGEILAYSQRPTFNPETGKDFGKKWANDLYQNTYEPGSTFKSYGLAAAIQEGAFDPDKKYKSGHRDIMGSRISDWNRVGWGEIPMSLGFTYSSNTLMMHLQDLVGADKMKSWYERFGFGKSTKGMFDGEAPGQIGWSNELQQKTSSFGQSTTVTPVQMLQAQSAFFNDGNMLKPWFVNSVENPVSKRQFYKGQKQIAGKPITKDTAEKVEKQLDLVVNSKKSHAANYRIDGYEVEGKTGTAQVAAPNGGGYVKGPNPYFVSFMGDAPKKNPKVIVYAGMSLAQKNDQEAYELGVSKAFKPIMENTLKYLNVGKSKDDTSNAEYSKVPDVEGQDKQKAIDNVSAKSLEPVTIGSGTQIKAQSIKAGNKVLPHSKVLLLTDGDLTMPDMSGWTKEDVIAFENLTNIKVNLKGSGFVSHQSISKGQKLTEKDKIDVEFSSENVDSNSTNNSDSNSDDKKKSDSKTDKDKSD	MAKQKIKIKKNKIGAVLLVGLFGLLFFILVLRISYIMITGHSNGQDLVMKANEKYLVKNAQQPERGKIYDRNGKVLAEDVERYKLVAVIDKKASANSKKPRHVVDKKETAKKLSTVIDMKPEEIEKRLSQKKAFQIEFGRKGTNLTYQDKLKIEKMNLPGISLLPETERFYPNGNFASHLIGRAQKNPDTGELKGALGVEKIFDSYLSGSKGSLRYIHDIWGYIAPNTKKEKQPKRGDDVHLTIDSNIQVFVEEALDGMVERYQPKDLFAVVMDAKTGEILAYSQRPTFNPETGKDFGKKWANDLYQNTYEPGSTFKSYGLAAAIQEGAFDPDKKYKSGHRDIMGSRISDWNRVGWGEIPMSLGFTYSSNTLMMHLQDLVGADKMKSWYERFGFGKSTKGMFDGEAPGQIGWSNELQQKTSSFGQSTTVTPVQMLQAQSAFFNDGNMLKPWFVNSVENPVSKRQFYKGQKQIAGKPITKDTAEKVEKQLDLVVNSKKSHAANYRIDGYEVEGKTGTAQVAAPNGGGYVKGPNPYFVSFMGDAPKKNPKVIVYAGMSLAQKNDQEAYELGVSKAFKPIMENTLKYLNVGKSKDDTSNAEYSKVPDVEGQDKQKAIDNVSAKSLEPVTIGSGTQIKAQSIKAGNKVLPHSKVLLLTDGDLTMPDMSGWTKEDVIAFENLTNIKVNLKGSGFVSHQSISKGQKLTEKDKIDVEFSSENVDSNSTNNSDSNSDDKKKSDSKTDKDKSD
ASD49649.1	ASD49647.1	100	1	744	100.000	0.0	MAKQKIKIKKNKIGAVLLVGLFGLLFFILVLRISYIMITGHSNGQDLVMKANEKYLVKNAQQPERGKIYDRNGKVLAEDVERYKLVAVIDKKASANSKKPRHVVDKKETAKKLSTVIDMKPEEIEKRLSQKKAFQIEFGRKGTNLTYQDKLKIEKMNLPGISLLPETERFYPNGNFASHLIGRAQKNPDTGELKGALGVEKIFDSYLSGSKGSLRYIHDIWGYIAPNTKKEKQPKRGDDVHLTIDSNIQVFVEEALDGMVERYQPKDLFAVVMDAKTGEILAYSQRPTFNPETGKDFGKKWANDLYQNTYEPGSTFKSYGLAAAIQEGAFDPDKKYKSGHRDIMGSRISDWNRVGWGEIPMSLGFTYSSNTLMMHLQDLVGADKMKSWYERFGFGKSTKGMFDGEAPGQIGWSNELQQKTSSFGQSTTVTPVQMLQAQSAFFNDGNMLKPWFVNSVENPVSKRQFYKGQKQIAGKPITKDTAEKVEKQLDLVVNSKKSHAANYRIDGYEVEGKTGTAQVAAPNGGGYVKGPNPYFVSFMGDAPKKNPKVIVYAGMSLAQKNDQEAYELGVSKAFKPIMENTLKYLNVGKSKDDTSNAEYSKVPDVEGQDKQKAIDNVSAKSLEPVTIGSGTQIKAQSIKAGNKVLPHSKVLLLTDGDLTMPDMSGWTKEDVIAFENLTNIKVNLKGSGFVSHQSISKGQKLTEKDKIDVEFSSENVDSNSTNNSDSNSDDKKKSDSKTDKDKSD	MAKQKIKIKKNKIGAVLLVGLFGLLFFILVLRISYIMITGHSNGQDLVMKANEKYLVKNAQQPERGKIYDRNGKVLAEDVERYKLVAVIDKKASANSKKPRHVVDKKETAKKLSTVIDMKPEEIEKRLSQKKAFQIEFGRKGTNLTYQDKLKIEKMNLPGISLLPETERFYPNGNFASHLIGRAQKNPDTGELKGALGVEKIFDSYLSGSKGSLRYIHDIWGYIAPNTKKEKQPKRGDDVHLTIDSNIQVFVEEALDGMVERYQPKDLFAVVMDAKTGEILAYSQRPTFNPETGKDFGKKWANDLYQNTYEPGSTFKSYGLAAAIQEGAFDPDKKYKSGHRDIMGSRISDWNRVGWGEIPMSLGFTYSSNTLMMHLQDLVGADKMKSWYERFGFGKSTKGMFDGEAPGQIGWSNELQQKTSSFGQSTTVTPVQMLQAQSAFFNDGNMLKPWFVNSVENPVSKRQFYKGQKQIAGKPITKDTAEKVEKQLDLVVNSKKSHAANYRIDGYEVEGKTGTAQVAAPNGGGYVKGPNPYFVSFMGDAPKKNPKVIVYAGMSLAQKNDQEAYELGVSKAFKPIMENTLKYLNVGKSKDDTSNAEYSKVPDVEGQDKQKAIDNVSAKSLEPVTIGSGTQIKAQSIKAGNKVLPHSKVLLLTDGDLTMPDMSGWTKEDVIAFENLTNIKVNLKGSGFVSHQSISKGQKLTEKDKIDVEFSSENVDSNSTNNSDSNSDDKKKSDSKTDKDKSD
ASD49649.1	ASD49649.1	100	1	744	100.000	0.0	MAKQKIKIKKNKIGAVLLVGLFGLLFFILVLRISYIMITGHSNGQDLVMKANEKYLVKNAQQPERGKIYDRNGKVLAEDVERYKLVAVIDKKASANSKKPRHVVDKKETAKKLSTVIDMKPEEIEKRLSQKKAFQIEFGRKGTNLTYQDKLKIEKMNLPGISLLPETERFYPNGNFASHLIGRAQKNPDTGELKGALGVEKIFDSYLSGSKGSLRYIHDIWGYIAPNTKKEKQPKRGDDVHLTIDSNIQVFVEEALDGMVERYQPKDLFAVVMDAKTGEILAYSQRPTFNPETGKDFGKKWANDLYQNTYEPGSTFKSYGLAAAIQEGAFDPDKKYKSGHRDIMGSRISDWNRVGWGEIPMSLGFTYSSNTLMMHLQDLVGADKMKSWYERFGFGKSTKGMFDGEAPGQIGWSNELQQKTSSFGQSTTVTPVQMLQAQSAFFNDGNMLKPWFVNSVENPVSKRQFYKGQKQIAGKPITKDTAEKVEKQLDLVVNSKKSHAANYRIDGYEVEGKTGTAQVAAPNGGGYVKGPNPYFVSFMGDAPKKNPKVIVYAGMSLAQKNDQEAYELGVSKAFKPIMENTLKYLNVGKSKDDTSNAEYSKVPDVEGQDKQKAIDNVSAKSLEPVTIGSGTQIKAQSIKAGNKVLPHSKVLLLTDGDLTMPDMSGWTKEDVIAFENLTNIKVNLKGSGFVSHQSISKGQKLTEKDKIDVEFSSENVDSNSTNNSDSNSDDKKKSDSKTDKDKSD	MAKQKIKIKKNKIGAVLLVGLFGLLFFILVLRISYIMITGHSNGQDLVMKANEKYLVKNAQQPERGKIYDRNGKVLAEDVERYKLVAVIDKKASANSKKPRHVVDKKETAKKLSTVIDMKPEEIEKRLSQKKAFQIEFGRKGTNLTYQDKLKIEKMNLPGISLLPETERFYPNGNFASHLIGRAQKNPDTGELKGALGVEKIFDSYLSGSKGSLRYIHDIWGYIAPNTKKEKQPKRGDDVHLTIDSNIQVFVEEALDGMVERYQPKDLFAVVMDAKTGEILAYSQRPTFNPETGKDFGKKWANDLYQNTYEPGSTFKSYGLAAAIQEGAFDPDKKYKSGHRDIMGSRISDWNRVGWGEIPMSLGFTYSSNTLMMHLQDLVGADKMKSWYERFGFGKSTKGMFDGEAPGQIGWSNELQQKTSSFGQSTTVTPVQMLQAQSAFFNDGNMLKPWFVNSVENPVSKRQFYKGQKQIAGKPITKDTAEKVEKQLDLVVNSKKSHAANYRIDGYEVEGKTGTAQVAAPNGGGYVKGPNPYFVSFMGDAPKKNPKVIVYAGMSLAQKNDQEAYELGVSKAFKPIMENTLKYLNVGKSKDDTSNAEYSKVPDVEGQDKQKAIDNVSAKSLEPVTIGSGTQIKAQSIKAGNKVLPHSKVLLLTDGDLTMPDMSGWTKEDVIAFENLTNIKVNLKGSGFVSHQSISKGQKLTEKDKIDVEFSSENVDSNSTNNSDSNSDDKKKSDSKTDKDKSD
ASD49649.1	ASD49651.1	100	1	744	100.000	0.0	MAKQKIKIKKNKIGAVLLVGLFGLLFFILVLRISYIMITGHSNGQDLVMKANEKYLVKNAQQPERGKIYDRNGKVLAEDVERYKLVAVIDKKASANSKKPRHVVDKKETAKKLSTVIDMKPEEIEKRLSQKKAFQIEFGRKGTNLTYQDKLKIEKMNLPGISLLPETERFYPNGNFASHLIGRAQKNPDTGELKGALGVEKIFDSYLSGSKGSLRYIHDIWGYIAPNTKKEKQPKRGDDVHLTIDSNIQVFVEEALDGMVERYQPKDLFAVVMDAKTGEILAYSQRPTFNPETGKDFGKKWANDLYQNTYEPGSTFKSYGLAAAIQEGAFDPDKKYKSGHRDIMGSRISDWNRVGWGEIPMSLGFTYSSNTLMMHLQDLVGADKMKSWYERFGFGKSTKGMFDGEAPGQIGWSNELQQKTSSFGQSTTVTPVQMLQAQSAFFNDGNMLKPWFVNSVENPVSKRQFYKGQKQIAGKPITKDTAEKVEKQLDLVVNSKKSHAANYRIDGYEVEGKTGTAQVAAPNGGGYVKGPNPYFVSFMGDAPKKNPKVIVYAGMSLAQKNDQEAYELGVSKAFKPIMENTLKYLNVGKSKDDTSNAEYSKVPDVEGQDKQKAIDNVSAKSLEPVTIGSGTQIKAQSIKAGNKVLPHSKVLLLTDGDLTMPDMSGWTKEDVIAFENLTNIKVNLKGSGFVSHQSISKGQKLTEKDKIDVEFSSENVDSNSTNNSDSNSDDKKKSDSKTDKDKSD	MAKQKIKIKKNKIGAVLLVGLFGLLFFILVLRISYIMITGHSNGQDLVMKANEKYLVKNAQQPERGKIYDRNGKVLAEDVERYKLVAVIDKKASANSKKPRHVVDKKETAKKLSTVIDMKPEEIEKRLSQKKAFQIEFGRKGTNLTYQDKLKIEKMNLPGISLLPETERFYPNGNFASHLIGRAQKNPDTGELKGALGVEKIFDSYLSGSKGSLRYIHDIWGYIAPNTKKEKQPKRGDDVHLTIDSNIQVFVEEALDGMVERYQPKDLFAVVMDAKTGEILAYSQRPTFNPETGKDFGKKWANDLYQNTYEPGSTFKSYGLAAAIQEGAFDPDKKYKSGHRDIMGSRISDWNRVGWGEIPMSLGFTYSSNTLMMHLQDLVGADKMKSWYERFGFGKSTKGMFDGEAPGQIGWSNELQQKTSSFGQSTTVTPVQMLQAQSAFFNDGNMLKPWFVNSVENPVSKRQFYKGQKQIAGKPITKDTAEKVEKQLDLVVNSKKSHAANYRIDGYEVEGKTGTAQVAAPNGGGYVKGPNPYFVSFMGDAPKKNPKVIVYAGMSLAQKNDQEAYELGVSKAFKPIMENTLKYLNVGKSKDDTSNAEYSKVPDVEGQDKQKAIDNVSAKSLEPVTIGSGTQIKAQSIKAGNKVLPHSKVLLLTDGDLTMPDMSGWTKEDVIAFENLTNIKVNLKGSGFVSHQSISKGQKLTEKDKIDVEFSSENVDSNSTNNSDSNSDDKKKSDSKTDKDKSD
ASD49649.1	ANW82077.1	100	1	744	99.866	0.0	MAKQKIKIKKNKIGAVLLVGLFGLLFFILVLRISYIMITGHSNGQDLVMKANEKYLVKNAQQPERGKIYDRNGKVLAEDVERYKLVAVIDKKASANSKKPRHVVDKKETAKKLSTVIDMKPEEIEKRLSQKKAFQIEFGRKGTNLTYQDKLKIEKMNLPGISLLPETERFYPNGNFASHLIGRAQKNPDTGELKGALGVEKIFDSYLSGSKGSLRYIHDIWGYIAPNTKKEKQPKRGDDVHLTIDSNIQVFVEEALDGMVERYQPKDLFAVVMDAKTGEILAYSQRPTFNPETGKDFGKKWANDLYQNTYEPGSTFKSYGLAAAIQEGAFDPDKKYKSGHRDIMGSRISDWNRVGWGEIPMSLGFTYSSNTLMMHLQDLVGADKMKSWYERFGFGKSTKGMFDGEAPGQIGWSNELQQKTSSFGQSTTVTPVQMLQAQSAFFNDGNMLKPWFVNSVENPVSKRQFYKGQKQIAGKPITKDTAEKVEKQLDLVVNSKKSHAANYRIDGYEVEGKTGTAQVAAPNGGGYVKGPNPYFVSFMGDAPKKNPKVIVYAGMSLAQKNDQEAYELGVSKAFKPIMENTLKYLNVGKSKDDTSNAEYSKVPDVEGQDKQKAIDNVSAKSLEPVTIGSGTQIKAQSIKAGNKVLPHSKVLLLTDGDLTMPDMSGWTKEDVIAFENLTNIKVNLKGSGFVSHQSISKGQKLTEKDKIDVEFSSENVDSNSTNNSDSNSDDKKKSDSKTDKDKSD	MAKQKIKIKKNKIGAVLLVGLFGLLFFILVLRISYIMITGHSNGQDLVMKANEKYLVKNAQQPERGKIYDRNGKVLAEDVERYKLVAVIDKKASANSKKPRHVVDKKETAKKLSTVINMKPEEIEKRLSQKKAFQIEFGRKGTNLTYQDKLKIEKMNLPGISLLPETERFYPNGNFASHLIGRAQKNPDTGELKGALGVEKIFDSYLSGSKGSLRYIHDIWGYIAPNTKKEKQPKRGDDVHLTIDSNIQVFVEEALDGMVERYQPKDLFAVVMDAKTGEILAYSQRPTFNPETGKDFGKKWANDLYQNTYEPGSTFKSYGLAAAIQEGAFDPDKKYKSGHRDIMGSRISDWNRVGWGEIPMSLGFTYSSNTLMMHLQDLVGADKMKSWYERFGFGKSTKGMFDGEAPGQIGWSNELQQKTSSFGQSTTVTPVQMLQAQSAFFNDGNMLKPWFVNSVENPVSKRQFYKGQKQIAGKPITKDTAEKVEKQLDLVVNSKKSHAANYRIDGYEVEGKTGTAQVAAPNGGGYVKGPNPYFVSFMGDAPKKNPKVIVYAGMSLAQKNDQEAYELGVSKAFKPIMENTLKYLNVGKSKDDTSNAEYSKVPDVEGQDKQKAIDNVSAKSLEPVTIGSGTQIKAQSIKAGNKVLPHSKVLLLTDGDLTMPDMSGWTKEDVIAFENLTNIKVNLKGSGFVSHQSISKGQKLTEKDKIDVEFSSENVDSNSTNNSDSNSDDKKKSDSKTDKDKSD
ASD49649.1	ASD49623.1	100	1	744	99.866	0.0	MAKQKIKIKKNKIGAVLLVGLFGLLFFILVLRISYIMITGHSNGQDLVMKANEKYLVKNAQQPERGKIYDRNGKVLAEDVERYKLVAVIDKKASANSKKPRHVVDKKETAKKLSTVIDMKPEEIEKRLSQKKAFQIEFGRKGTNLTYQDKLKIEKMNLPGISLLPETERFYPNGNFASHLIGRAQKNPDTGELKGALGVEKIFDSYLSGSKGSLRYIHDIWGYIAPNTKKEKQPKRGDDVHLTIDSNIQVFVEEALDGMVERYQPKDLFAVVMDAKTGEILAYSQRPTFNPETGKDFGKKWANDLYQNTYEPGSTFKSYGLAAAIQEGAFDPDKKYKSGHRDIMGSRISDWNRVGWGEIPMSLGFTYSSNTLMMHLQDLVGADKMKSWYERFGFGKSTKGMFDGEAPGQIGWSNELQQKTSSFGQSTTVTPVQMLQAQSAFFNDGNMLKPWFVNSVENPVSKRQFYKGQKQIAGKPITKDTAEKVEKQLDLVVNSKKSHAANYRIDGYEVEGKTGTAQVAAPNGGGYVKGPNPYFVSFMGDAPKKNPKVIVYAGMSLAQKNDQEAYELGVSKAFKPIMENTLKYLNVGKSKDDTSNAEYSKVPDVEGQDKQKAIDNVSAKSLEPVTIGSGTQIKAQSIKAGNKVLPHSKVLLLTDGDLTMPDMSGWTKEDVIAFENLTNIKVNLKGSGFVSHQSISKGQKLTEKDKIDVEFSSENVDSNSTNNSDSNSDDKKKSDSKTDKDKSD	MAKQKIKIKKNKIGAVLLVGLFGLLFFILVLRISYIMITGHSNGQDLVMKANEKYLVKNAQQPERGKIYDRNGKVLAEDVERYKLVAVIDKKASANSKKPRHVVDKKETAKKLSTVINMKPEEIEKRLSQKKAFQIEFGRKGTNLTYQDKLKIEKMNLPGISLLPETERFYPNGNFASHLIGRAQKNPDTGELKGALGVEKIFDSYLSGSKGSLRYIHDIWGYIAPNTKKEKQPKRGDDVHLTIDSNIQVFVEEALDGMVERYQPKDLFAVVMDAKTGEILAYSQRPTFNPETGKDFGKKWANDLYQNTYEPGSTFKSYGLAAAIQEGAFDPDKKYKSGHRDIMGSRISDWNRVGWGEIPMSLGFTYSSNTLMMHLQDLVGADKMKSWYERFGFGKSTKGMFDGEAPGQIGWSNELQQKTSSFGQSTTVTPVQMLQAQSAFFNDGNMLKPWFVNSVENPVSKRQFYKGQKQIAGKPITKDTAEKVEKQLDLVVNSKKSHAANYRIDGYEVEGKTGTAQVAAPNGGGYVKGPNPYFVSFMGDAPKKNPKVIVYAGMSLAQKNDQEAYELGVSKAFKPIMENTLKYLNVGKSKDDTSNAEYSKVPDVEGQDKQKAIDNVSAKSLEPVTIGSGTQIKAQSIKAGNKVLPHSKVLLLTDGDLTMPDMSGWTKEDVIAFENLTNIKVNLKGSGFVSHQSISKGQKLTEKDKIDVEFSSENVDSNSTNNSDSNSDDKKKSDSKTDKDKSD
ASD49649.1	ASD49628.1	100	1	744	99.866	0.0	MAKQKIKIKKNKIGAVLLVGLFGLLFFILVLRISYIMITGHSNGQDLVMKANEKYLVKNAQQPERGKIYDRNGKVLAEDVERYKLVAVIDKKASANSKKPRHVVDKKETAKKLSTVIDMKPEEIEKRLSQKKAFQIEFGRKGTNLTYQDKLKIEKMNLPGISLLPETERFYPNGNFASHLIGRAQKNPDTGELKGALGVEKIFDSYLSGSKGSLRYIHDIWGYIAPNTKKEKQPKRGDDVHLTIDSNIQVFVEEALDGMVERYQPKDLFAVVMDAKTGEILAYSQRPTFNPETGKDFGKKWANDLYQNTYEPGSTFKSYGLAAAIQEGAFDPDKKYKSGHRDIMGSRISDWNRVGWGEIPMSLGFTYSSNTLMMHLQDLVGADKMKSWYERFGFGKSTKGMFDGEAPGQIGWSNELQQKTSSFGQSTTVTPVQMLQAQSAFFNDGNMLKPWFVNSVENPVSKRQFYKGQKQIAGKPITKDTAEKVEKQLDLVVNSKKSHAANYRIDGYEVEGKTGTAQVAAPNGGGYVKGPNPYFVSFMGDAPKKNPKVIVYAGMSLAQKNDQEAYELGVSKAFKPIMENTLKYLNVGKSKDDTSNAEYSKVPDVEGQDKQKAIDNVSAKSLEPVTIGSGTQIKAQSIKAGNKVLPHSKVLLLTDGDLTMPDMSGWTKEDVIAFENLTNIKVNLKGSGFVSHQSISKGQKLTEKDKIDVEFSSENVDSNSTNNSDSNSDDKKKSDSKTDKDKSD	MAKQKIKIKKNKIGAVLLVGLFGLLFFILVLRISYIMITGHSNGQDLVMKANEKYLVKNAQQPERGKIYDRNGKVLAEDVERYKLVAVIDKKASANSKKPRHVVDKKETAKKLSTVINMKPEEIEKRLSQKKAFQIEFGRKGTNLTYQDKLKIEKMNLPGISLLPETERFYPNGNFASHLIGRAQKNPDTGELKGALGVEKIFDSYLSGSKGSLRYIHDIWGYIAPNTKKEKQPKRGDDVHLTIDSNIQVFVEEALDGMVERYQPKDLFAVVMDAKTGEILAYSQRPTFNPETGKDFGKKWANDLYQNTYEPGSTFKSYGLAAAIQEGAFDPDKKYKSGHRDIMGSRISDWNRVGWGEIPMSLGFTYSSNTLMMHLQDLVGADKMKSWYERFGFGKSTKGMFDGEAPGQIGWSNELQQKTSSFGQSTTVTPVQMLQAQSAFFNDGNMLKPWFVNSVENPVSKRQFYKGQKQIAGKPITKDTAEKVEKQLDLVVNSKKSHAANYRIDGYEVEGKTGTAQVAAPNGGGYVKGPNPYFVSFMGDAPKKNPKVIVYAGMSLAQKNDQEAYELGVSKAFKPIMENTLKYLNVGKSKDDTSNAEYSKVPDVEGQDKQKAIDNVSAKSLEPVTIGSGTQIKAQSIKAGNKVLPHSKVLLLTDGDLTMPDMSGWTKEDVIAFENLTNIKVNLKGSGFVSHQSISKGQKLTEKDKIDVEFSSENVDSNSTNNSDSNSDDKKKSDSKTDKDKSD
ASD49649.1	ASD49631.1	100	1	744	99.866	0.0	MAKQKIKIKKNKIGAVLLVGLFGLLFFILVLRISYIMITGHSNGQDLVMKANEKYLVKNAQQPERGKIYDRNGKVLAEDVERYKLVAVIDKKASANSKKPRHVVDKKETAKKLSTVIDMKPEEIEKRLSQKKAFQIEFGRKGTNLTYQDKLKIEKMNLPGISLLPETERFYPNGNFASHLIGRAQKNPDTGELKGALGVEKIFDSYLSGSKGSLRYIHDIWGYIAPNTKKEKQPKRGDDVHLTIDSNIQVFVEEALDGMVERYQPKDLFAVVMDAKTGEILAYSQRPTFNPETGKDFGKKWANDLYQNTYEPGSTFKSYGLAAAIQEGAFDPDKKYKSGHRDIMGSRISDWNRVGWGEIPMSLGFTYSSNTLMMHLQDLVGADKMKSWYERFGFGKSTKGMFDGEAPGQIGWSNELQQKTSSFGQSTTVTPVQMLQAQSAFFNDGNMLKPWFVNSVENPVSKRQFYKGQKQIAGKPITKDTAEKVEKQLDLVVNSKKSHAANYRIDGYEVEGKTGTAQVAAPNGGGYVKGPNPYFVSFMGDAPKKNPKVIVYAGMSLAQKNDQEAYELGVSKAFKPIMENTLKYLNVGKSKDDTSNAEYSKVPDVEGQDKQKAIDNVSAKSLEPVTIGSGTQIKAQSIKAGNKVLPHSKVLLLTDGDLTMPDMSGWTKEDVIAFENLTNIKVNLKGSGFVSHQSISKGQKLTEKDKIDVEFSSENVDSNSTNNSDSNSDDKKKSDSKTDKDKSD	MAKQKIKIKKNKIGAVLLVGLFGLLFFILVLRISYIMITGHSNGQDLVMKANEKYLVKNAQQPERGKIYDRNGKVLAEDVERYKLVAVIDKKASANSKKPRHVVDKKETAKKLSTVINMKPEEIEKRLSQKKAFQIEFGRKGTNLTYQDKLKIEKMNLPGISLLPETERFYPNGNFASHLIGRAQKNPDTGELKGALGVEKIFDSYLSGSKGSLRYIHDIWGYIAPNTKKEKQPKRGDDVHLTIDSNIQVFVEEALDGMVERYQPKDLFAVVMDAKTGEILAYSQRPTFNPETGKDFGKKWANDLYQNTYEPGSTFKSYGLAAAIQEGAFDPDKKYKSGHRDIMGSRISDWNRVGWGEIPMSLGFTYSSNTLMMHLQDLVGADKMKSWYERFGFGKSTKGMFDGEAPGQIGWSNELQQKTSSFGQSTTVTPVQMLQAQSAFFNDGNMLKPWFVNSVENPVSKRQFYKGQKQIAGKPITKDTAEKVEKQLDLVVNSKKSHAANYRIDGYEVEGKTGTAQVAAPNGGGYVKGPNPYFVSFMGDAPKKNPKVIVYAGMSLAQKNDQEAYELGVSKAFKPIMENTLKYLNVGKSKDDTSNAEYSKVPDVEGQDKQKAIDNVSAKSLEPVTIGSGTQIKAQSIKAGNKVLPHSKVLLLTDGDLTMPDMSGWTKEDVIAFENLTNIKVNLKGSGFVSHQSISKGQKLTEKDKIDVEFSSENVDSNSTNNSDSNSDDKKKSDSKTDKDKSD
ASD49649.1	ASD49635.1	100	1	744	99.866	0.0	MAKQKIKIKKNKIGAVLLVGLFGLLFFILVLRISYIMITGHSNGQDLVMKANEKYLVKNAQQPERGKIYDRNGKVLAEDVERYKLVAVIDKKASANSKKPRHVVDKKETAKKLSTVIDMKPEEIEKRLSQKKAFQIEFGRKGTNLTYQDKLKIEKMNLPGISLLPETERFYPNGNFASHLIGRAQKNPDTGELKGALGVEKIFDSYLSGSKGSLRYIHDIWGYIAPNTKKEKQPKRGDDVHLTIDSNIQVFVEEALDGMVERYQPKDLFAVVMDAKTGEILAYSQRPTFNPETGKDFGKKWANDLYQNTYEPGSTFKSYGLAAAIQEGAFDPDKKYKSGHRDIMGSRISDWNRVGWGEIPMSLGFTYSSNTLMMHLQDLVGADKMKSWYERFGFGKSTKGMFDGEAPGQIGWSNELQQKTSSFGQSTTVTPVQMLQAQSAFFNDGNMLKPWFVNSVENPVSKRQFYKGQKQIAGKPITKDTAEKVEKQLDLVVNSKKSHAANYRIDGYEVEGKTGTAQVAAPNGGGYVKGPNPYFVSFMGDAPKKNPKVIVYAGMSLAQKNDQEAYELGVSKAFKPIMENTLKYLNVGKSKDDTSNAEYSKVPDVEGQDKQKAIDNVSAKSLEPVTIGSGTQIKAQSIKAGNKVLPHSKVLLLTDGDLTMPDMSGWTKEDVIAFENLTNIKVNLKGSGFVSHQSISKGQKLTEKDKIDVEFSSENVDSNSTNNSDSNSDDKKKSDSKTDKDKSD	MAKQKIKIKKNKIGAVLLVGLFGLLFFILVLRISYIMITGHSNGQDLVMKANEKYLVKNAQQPERGKIYDRNGKVLAEDVERYKLVAVIDKKASANSKKPRHVVDKKETAKKLSTVINMKPEEIEKRLSQKKAFQIEFGRKGTNLTYQDKLKIEKMNLPGISLLPETERFYPNGNFASHLIGRAQKNPDTGELKGALGVEKIFDSYLSGSKGSLRYIHDIWGYIAPNTKKEKQPKRGDDVHLTIDSNIQVFVEEALDGMVERYQPKDLFAVVMDAKTGEILAYSQRPTFNPETGKDFGKKWANDLYQNTYEPGSTFKSYGLAAAIQEGAFDPDKKYKSGHRDIMGSRISDWNRVGWGEIPMSLGFTYSSNTLMMHLQDLVGADKMKSWYERFGFGKSTKGMFDGEAPGQIGWSNELQQKTSSFGQSTTVTPVQMLQAQSAFFNDGNMLKPWFVNSVENPVSKRQFYKGQKQIAGKPITKDTAEKVEKQLDLVVNSKKSHAANYRIDGYEVEGKTGTAQVAAPNGGGYVKGPNPYFVSFMGDAPKKNPKVIVYAGMSLAQKNDQEAYELGVSKAFKPIMENTLKYLNVGKSKDDTSNAEYSKVPDVEGQDKQKAIDNVSAKSLEPVTIGSGTQIKAQSIKAGNKVLPHSKVLLLTDGDLTMPDMSGWTKEDVIAFENLTNIKVNLKGSGFVSHQSISKGQKLTEKDKIDVEFSSENVDSNSTNNSDSNSDDKKKSDSKTDKDKSD
ASD49649.1	ANW82075.1	100	1	744	99.731	0.0	MAKQKIKIKKNKIGAVLLVGLFGLLFFILVLRISYIMITGHSNGQDLVMKANEKYLVKNAQQPERGKIYDRNGKVLAEDVERYKLVAVIDKKASANSKKPRHVVDKKETAKKLSTVIDMKPEEIEKRLSQKKAFQIEFGRKGTNLTYQDKLKIEKMNLPGISLLPETERFYPNGNFASHLIGRAQKNPDTGELKGALGVEKIFDSYLSGSKGSLRYIHDIWGYIAPNTKKEKQPKRGDDVHLTIDSNIQVFVEEALDGMVERYQPKDLFAVVMDAKTGEILAYSQRPTFNPETGKDFGKKWANDLYQNTYEPGSTFKSYGLAAAIQEGAFDPDKKYKSGHRDIMGSRISDWNRVGWGEIPMSLGFTYSSNTLMMHLQDLVGADKMKSWYERFGFGKSTKGMFDGEAPGQIGWSNELQQKTSSFGQSTTVTPVQMLQAQSAFFNDGNMLKPWFVNSVENPVSKRQFYKGQKQIAGKPITKDTAEKVEKQLDLVVNSKKSHAANYRIDGYEVEGKTGTAQVAAPNGGGYVKGPNPYFVSFMGDAPKKNPKVIVYAGMSLAQKNDQEAYELGVSKAFKPIMENTLKYLNVGKSKDDTSNAEYSKVPDVEGQDKQKAIDNVSAKSLEPVTIGSGTQIKAQSIKAGNKVLPHSKVLLLTDGDLTMPDMSGWTKEDVIAFENLTNIKVNLKGSGFVSHQSISKGQKLTEKDKIDVEFSSENVDSNSTNNSDSNSDDKKKSDSKTDKDKSD	MAKQKIKIKKNKIGAVLLVGLFGLLFFILVLRISYIMITGHSNGQDLVMKANEKYLVKNAQQPERGKIYDRNGKVLAEDVERYKLVAVIDKKASANSKKPRHVVDKKETAKKLSTVIDMKPEEIEKRLSQKKAFQIEFGRKGTNLTYQDKLKIEKMNLPGISLLPETERFYPNGNFASHLIGRAQKNPDTGELKGALGVEKIFDSYLSGSKGSLRYIHDIWGYIAPNTKKEKQPKRGDDVHLTIDSNIQVFVEEALDGMVERYQPKDLFAVVMDAKTGEILAYSQRPTFNPETGKDFGKKWANDLYQNTYEPGSTFKSYGLAAAIQEGAFDPDKKYKSGHRDIMGSRISDWNRVGWGEIPMSLGFTYSSNTLMMHLQDLVGADKMKSWYERFGFGKSTKGMFDGEAPGQIGWSNELQQKTSSFGQSTTVTPVQMLQAQSAFFNDGNMLKPWFVNSVENPVSKRQFYKGQKQIAGKPITKDTAEKVEKQLDLVVNSKKSHAANYRIDGYEVEGKTGTAQVAAPNGGGYVKGPNPYFVSFMGDAPKKNPKVIVYAGMSLAQKNDQEAYELGVSKAFKPIMENTLKYLNVGKSKDDTSNAEYSKVPDVEGQDKQKAIDNVSAKSLEPVTIGTGTQIKAQSIKAGNKVLPHSKVLLLTDGDLTMPDMTGWTKEDVIAFENLTNIKVNLKGSGFVSHQSISKGQKLTEKDKIDVEFSSENVDSNSTNNSDSNSDDKKKSDSKTDKDKSD
ASD49649.1	ANW82076.1	100	1	744	99.731	0.0	MAKQKIKIKKNKIGAVLLVGLFGLLFFILVLRISYIMITGHSNGQDLVMKANEKYLVKNAQQPERGKIYDRNGKVLAEDVERYKLVAVIDKKASANSKKPRHVVDKKETAKKLSTVIDMKPEEIEKRLSQKKAFQIEFGRKGTNLTYQDKLKIEKMNLPGISLLPETERFYPNGNFASHLIGRAQKNPDTGELKGALGVEKIFDSYLSGSKGSLRYIHDIWGYIAPNTKKEKQPKRGDDVHLTIDSNIQVFVEEALDGMVERYQPKDLFAVVMDAKTGEILAYSQRPTFNPETGKDFGKKWANDLYQNTYEPGSTFKSYGLAAAIQEGAFDPDKKYKSGHRDIMGSRISDWNRVGWGEIPMSLGFTYSSNTLMMHLQDLVGADKMKSWYERFGFGKSTKGMFDGEAPGQIGWSNELQQKTSSFGQSTTVTPVQMLQAQSAFFNDGNMLKPWFVNSVENPVSKRQFYKGQKQIAGKPITKDTAEKVEKQLDLVVNSKKSHAANYRIDGYEVEGKTGTAQVAAPNGGGYVKGPNPYFVSFMGDAPKKNPKVIVYAGMSLAQKNDQEAYELGVSKAFKPIMENTLKYLNVGKSKDDTSNAEYSKVPDVEGQDKQKAIDNVSAKSLEPVTIGSGTQIKAQSIKAGNKVLPHSKVLLLTDGDLTMPDMSGWTKEDVIAFENLTNIKVNLKGSGFVSHQSISKGQKLTEKDKIDVEFSSENVDSNSTNNSDSNSDDKKKSDSKTDKDKSD	MAKQKIKIKKNKIGAVLLVGLFGLLFFILVLRISYIMITGHSNGQDLVMKANEKYLVKNAQQPERGKIYDRNGKVLAEDVERYKLVAVIDKKASANSKKPRHVVDKKETAKKLSTVIDMKPEEIEKRLSQKKAFQIEFGRKGTNLTYQDKLKIEKMNLPGISLLPETERFYPNGNFASHLIGRAQKNPDTGELKGALGVEKIFDSYLSGSKGSLRYIHDIWGYIAPNTKKEKQPKRGDDVHLTIDSNIQVFVEEALDGMVERYQPKDLFAVVMDAKTGEILAYSQRPTFNPETGKDFGKKWANDLYQNTYEPGSTFKSYGLAAAIQEGAFDPDKKYKSGHRDIMGSRISDWNRVGWGEIPMSLGFTYSSNTLMMHLQDLVGADKMKSWYERFGFGKSTKGMFDGEAPGQIGWSNELQQKTSSFGQSTTVTPVQMLQAQSAFFNDGNMLKPWFVNSVENPVSKRQFYKGQKQIAGKPITKDTAEKVEKQLDLVVNSKKSHAANYRIDGYEVEGKTGTAQVAAPNGGGYVKGPNPYFVSFMGDAPKKNPKVIVYAGMSLAQKNDQEAYELGVSKAFKPIMENTLKYLNVGKSKDDTSNAEYSKVPDVEGQDKQKAIDNVSAKSLEPVTIGTGTQIKAQSIKAGNKVLPHSKVLLLTDGDLTMPDMTGWTKEDVIAFENLTNIKVNLKGSGFVSHQSISKGQKLTEKDKIDVEFSSENVDSNSTNNSDSNSDDKKKSDSKTDKDKSD
ASD49649.1	ASD49620.1	100	1	744	99.866	0.0	MAKQKIKIKKNKIGAVLLVGLFGLLFFILVLRISYIMITGHSNGQDLVMKANEKYLVKNAQQPERGKIYDRNGKVLAEDVERYKLVAVIDKKASANSKKPRHVVDKKETAKKLSTVIDMKPEEIEKRLSQKKAFQIEFGRKGTNLTYQDKLKIEKMNLPGISLLPETERFYPNGNFASHLIGRAQKNPDTGELKGALGVEKIFDSYLSGSKGSLRYIHDIWGYIAPNTKKEKQPKRGDDVHLTIDSNIQVFVEEALDGMVERYQPKDLFAVVMDAKTGEILAYSQRPTFNPETGKDFGKKWANDLYQNTYEPGSTFKSYGLAAAIQEGAFDPDKKYKSGHRDIMGSRISDWNRVGWGEIPMSLGFTYSSNTLMMHLQDLVGADKMKSWYERFGFGKSTKGMFDGEAPGQIGWSNELQQKTSSFGQSTTVTPVQMLQAQSAFFNDGNMLKPWFVNSVENPVSKRQFYKGQKQIAGKPITKDTAEKVEKQLDLVVNSKKSHAANYRIDGYEVEGKTGTAQVAAPNGGGYVKGPNPYFVSFMGDAPKKNPKVIVYAGMSLAQKNDQEAYELGVSKAFKPIMENTLKYLNVGKSKDDTSNAEYSKVPDVEGQDKQKAIDNVSAKSLEPVTIGSGTQIKAQSIKAGNKVLPHSKVLLLTDGDLTMPDMSGWTKEDVIAFENLTNIKVNLKGSGFVSHQSISKGQKLTEKDKIDVEFSSENVDSNSTNNSDSNSDDKKKSDSKTDKDKSD	MAKQKIKIKKNKIGAVLLVGLFGLLFFILVLRISYIMITGHSNGQDLVMKANEKYLVKNAQQPERGKIYDRNGKVLAEDVERYKLVAVIDKKASANSKKPRHVVDKKETAKKLSTVIDMKPEEIEKRLSQKKAFQIEFGRKGTNLTYQEKLKIEKMNLPGISLLPETERFYPNGNFASHLIGRAQKNPDTGELKGALGVEKIFDSYLSGSKGSLRYIHDIWGYIAPNTKKEKQPKRGDDVHLTIDSNIQVFVEEALDGMVERYQPKDLFAVVMDAKTGEILAYSQRPTFNPETGKDFGKKWANDLYQNTYEPGSTFKSYGLAAAIQEGAFDPDKKYKSGHRDIMGSRISDWNRVGWGEIPMSLGFTYSSNTLMMHLQDLVGADKMKSWYERFGFGKSTKGMFDGEAPGQIGWSNELQQKTSSFGQSTTVTPVQMLQAQSAFFNDGNMLKPWFVNSVENPVSKRQFYKGQKQIAGKPITKDTAEKVEKQLDLVVNSKKSHAANYRIDGYEVEGKTGTAQVAAPNGGGYVKGPNPYFVSFMGDAPKKNPKVIVYAGMSLAQKNDQEAYELGVSKAFKPIMENTLKYLNVGKSKDDTSNAEYSKVPDVEGQDKQKAIDNVSAKSLEPVTIGSGTQIKAQSIKAGNKVLPHSKVLLLTDGDLTMPDMSGWTKEDVIAFENLTNIKVNLKGSGFVSHQSISKGQKLTEKDKIDVEFSSENVDSNSTNNSDSNSDDKKKSDSKTDKDKSD
ASD49649.1	ASD49621.1	100	1	744	99.866	0.0	MAKQKIKIKKNKIGAVLLVGLFGLLFFILVLRISYIMITGHSNGQDLVMKANEKYLVKNAQQPERGKIYDRNGKVLAEDVERYKLVAVIDKKASANSKKPRHVVDKKETAKKLSTVIDMKPEEIEKRLSQKKAFQIEFGRKGTNLTYQDKLKIEKMNLPGISLLPETERFYPNGNFASHLIGRAQKNPDTGELKGALGVEKIFDSYLSGSKGSLRYIHDIWGYIAPNTKKEKQPKRGDDVHLTIDSNIQVFVEEALDGMVERYQPKDLFAVVMDAKTGEILAYSQRPTFNPETGKDFGKKWANDLYQNTYEPGSTFKSYGLAAAIQEGAFDPDKKYKSGHRDIMGSRISDWNRVGWGEIPMSLGFTYSSNTLMMHLQDLVGADKMKSWYERFGFGKSTKGMFDGEAPGQIGWSNELQQKTSSFGQSTTVTPVQMLQAQSAFFNDGNMLKPWFVNSVENPVSKRQFYKGQKQIAGKPITKDTAEKVEKQLDLVVNSKKSHAANYRIDGYEVEGKTGTAQVAAPNGGGYVKGPNPYFVSFMGDAPKKNPKVIVYAGMSLAQKNDQEAYELGVSKAFKPIMENTLKYLNVGKSKDDTSNAEYSKVPDVEGQDKQKAIDNVSAKSLEPVTIGSGTQIKAQSIKAGNKVLPHSKVLLLTDGDLTMPDMSGWTKEDVIAFENLTNIKVNLKGSGFVSHQSISKGQKLTEKDKIDVEFSSENVDSNSTNNSDSNSDDKKKSDSKTDKDKSD	MAKQKIKIKKNKIGAVLLVGLFGLLFFILVLRISYIMITGHSNGQDLVMKANEKYLVKNAQQPERGKIYDRNGKVLAEDVERYKLVAVIDKKASANSKKPRHVVDKKETAKKLSTVIDMKPEEIEKRLSQKKAFQIEFGRKGTNLTYQEKLKIEKMNLPGISLLPETERFYPNGNFASHLIGRAQKNPDTGELKGALGVEKIFDSYLSGSKGSLRYIHDIWGYIAPNTKKEKQPKRGDDVHLTIDSNIQVFVEEALDGMVERYQPKDLFAVVMDAKTGEILAYSQRPTFNPETGKDFGKKWANDLYQNTYEPGSTFKSYGLAAAIQEGAFDPDKKYKSGHRDIMGSRISDWNRVGWGEIPMSLGFTYSSNTLMMHLQDLVGADKMKSWYERFGFGKSTKGMFDGEAPGQIGWSNELQQKTSSFGQSTTVTPVQMLQAQSAFFNDGNMLKPWFVNSVENPVSKRQFYKGQKQIAGKPITKDTAEKVEKQLDLVVNSKKSHAANYRIDGYEVEGKTGTAQVAAPNGGGYVKGPNPYFVSFMGDAPKKNPKVIVYAGMSLAQKNDQEAYELGVSKAFKPIMENTLKYLNVGKSKDDTSNAEYSKVPDVEGQDKQKAIDNVSAKSLEPVTIGSGTQIKAQSIKAGNKVLPHSKVLLLTDGDLTMPDMSGWTKEDVIAFENLTNIKVNLKGSGFVSHQSISKGQKLTEKDKIDVEFSSENVDSNSTNNSDSNSDDKKKSDSKTDKDKSD
ASD49649.1	ASD49622.1	100	1	744	99.866	0.0	MAKQKIKIKKNKIGAVLLVGLFGLLFFILVLRISYIMITGHSNGQDLVMKANEKYLVKNAQQPERGKIYDRNGKVLAEDVERYKLVAVIDKKASANSKKPRHVVDKKETAKKLSTVIDMKPEEIEKRLSQKKAFQIEFGRKGTNLTYQDKLKIEKMNLPGISLLPETERFYPNGNFASHLIGRAQKNPDTGELKGALGVEKIFDSYLSGSKGSLRYIHDIWGYIAPNTKKEKQPKRGDDVHLTIDSNIQVFVEEALDGMVERYQPKDLFAVVMDAKTGEILAYSQRPTFNPETGKDFGKKWANDLYQNTYEPGSTFKSYGLAAAIQEGAFDPDKKYKSGHRDIMGSRISDWNRVGWGEIPMSLGFTYSSNTLMMHLQDLVGADKMKSWYERFGFGKSTKGMFDGEAPGQIGWSNELQQKTSSFGQSTTVTPVQMLQAQSAFFNDGNMLKPWFVNSVENPVSKRQFYKGQKQIAGKPITKDTAEKVEKQLDLVVNSKKSHAANYRIDGYEVEGKTGTAQVAAPNGGGYVKGPNPYFVSFMGDAPKKNPKVIVYAGMSLAQKNDQEAYELGVSKAFKPIMENTLKYLNVGKSKDDTSNAEYSKVPDVEGQDKQKAIDNVSAKSLEPVTIGSGTQIKAQSIKAGNKVLPHSKVLLLTDGDLTMPDMSGWTKEDVIAFENLTNIKVNLKGSGFVSHQSISKGQKLTEKDKIDVEFSSENVDSNSTNNSDSNSDDKKKSDSKTDKDKSD	MAKQKIKIKKNKIGAVLLVGLFGLLFFILVLRISYIMITGHSNGQDLVMKANEKYLVKNAQQPERGKIYDRNGKVLAEDVERYKLVAVIDKKASANSKKPRHVVDKKETAKKLSTVIDMKPEEIEKRLSQKKAFQIEFGRKGTNLTYQEKLKIEKMNLPGISLLPETERFYPNGNFASHLIGRAQKNPDTGELKGALGVEKIFDSYLSGSKGSLRYIHDIWGYIAPNTKKEKQPKRGDDVHLTIDSNIQVFVEEALDGMVERYQPKDLFAVVMDAKTGEILAYSQRPTFNPETGKDFGKKWANDLYQNTYEPGSTFKSYGLAAAIQEGAFDPDKKYKSGHRDIMGSRISDWNRVGWGEIPMSLGFTYSSNTLMMHLQDLVGADKMKSWYERFGFGKSTKGMFDGEAPGQIGWSNELQQKTSSFGQSTTVTPVQMLQAQSAFFNDGNMLKPWFVNSVENPVSKRQFYKGQKQIAGKPITKDTAEKVEKQLDLVVNSKKSHAANYRIDGYEVEGKTGTAQVAAPNGGGYVKGPNPYFVSFMGDAPKKNPKVIVYAGMSLAQKNDQEAYELGVSKAFKPIMENTLKYLNVGKSKDDTSNAEYSKVPDVEGQDKQKAIDNVSAKSLEPVTIGSGTQIKAQSIKAGNKVLPHSKVLLLTDGDLTMPDMSGWTKEDVIAFENLTNIKVNLKGSGFVSHQSISKGQKLTEKDKIDVEFSSENVDSNSTNNSDSNSDDKKKSDSKTDKDKSD
ASD49649.1	ASD49624.1	100	1	744	99.866	0.0	MAKQKIKIKKNKIGAVLLVGLFGLLFFILVLRISYIMITGHSNGQDLVMKANEKYLVKNAQQPERGKIYDRNGKVLAEDVERYKLVAVIDKKASANSKKPRHVVDKKETAKKLSTVIDMKPEEIEKRLSQKKAFQIEFGRKGTNLTYQDKLKIEKMNLPGISLLPETERFYPNGNFASHLIGRAQKNPDTGELKGALGVEKIFDSYLSGSKGSLRYIHDIWGYIAPNTKKEKQPKRGDDVHLTIDSNIQVFVEEALDGMVERYQPKDLFAVVMDAKTGEILAYSQRPTFNPETGKDFGKKWANDLYQNTYEPGSTFKSYGLAAAIQEGAFDPDKKYKSGHRDIMGSRISDWNRVGWGEIPMSLGFTYSSNTLMMHLQDLVGADKMKSWYERFGFGKSTKGMFDGEAPGQIGWSNELQQKTSSFGQSTTVTPVQMLQAQSAFFNDGNMLKPWFVNSVENPVSKRQFYKGQKQIAGKPITKDTAEKVEKQLDLVVNSKKSHAANYRIDGYEVEGKTGTAQVAAPNGGGYVKGPNPYFVSFMGDAPKKNPKVIVYAGMSLAQKNDQEAYELGVSKAFKPIMENTLKYLNVGKSKDDTSNAEYSKVPDVEGQDKQKAIDNVSAKSLEPVTIGSGTQIKAQSIKAGNKVLPHSKVLLLTDGDLTMPDMSGWTKEDVIAFENLTNIKVNLKGSGFVSHQSISKGQKLTEKDKIDVEFSSENVDSNSTNNSDSNSDDKKKSDSKTDKDKSD	MAKQKIKIKKNKIGAVLLVGLFGLLFFILVLRISYIMITGHSNGQDLVMKANEKYLVKNAQQPERGKIYDRNGKVLAEDVERYKLVAVIDKKASANSKKPRHVVDKKETAKKLSTVIDMKPEEIEKRLSQKKAFQIEFGRKGTNLTYQEKLKIEKMNLPGISLLPETERFYPNGNFASHLIGRAQKNPDTGELKGALGVEKIFDSYLSGSKGSLRYIHDIWGYIAPNTKKEKQPKRGDDVHLTIDSNIQVFVEEALDGMVERYQPKDLFAVVMDAKTGEILAYSQRPTFNPETGKDFGKKWANDLYQNTYEPGSTFKSYGLAAAIQEGAFDPDKKYKSGHRDIMGSRISDWNRVGWGEIPMSLGFTYSSNTLMMHLQDLVGADKMKSWYERFGFGKSTKGMFDGEAPGQIGWSNELQQKTSSFGQSTTVTPVQMLQAQSAFFNDGNMLKPWFVNSVENPVSKRQFYKGQKQIAGKPITKDTAEKVEKQLDLVVNSKKSHAANYRIDGYEVEGKTGTAQVAAPNGGGYVKGPNPYFVSFMGDAPKKNPKVIVYAGMSLAQKNDQEAYELGVSKAFKPIMENTLKYLNVGKSKDDTSNAEYSKVPDVEGQDKQKAIDNVSAKSLEPVTIGSGTQIKAQSIKAGNKVLPHSKVLLLTDGDLTMPDMSGWTKEDVIAFENLTNIKVNLKGSGFVSHQSISKGQKLTEKDKIDVEFSSENVDSNSTNNSDSNSDDKKKSDSKTDKDKSD
ASD49649.1	ASD49625.1	100	1	744	99.866	0.0	MAKQKIKIKKNKIGAVLLVGLFGLLFFILVLRISYIMITGHSNGQDLVMKANEKYLVKNAQQPERGKIYDRNGKVLAEDVERYKLVAVIDKKASANSKKPRHVVDKKETAKKLSTVIDMKPEEIEKRLSQKKAFQIEFGRKGTNLTYQDKLKIEKMNLPGISLLPETERFYPNGNFASHLIGRAQKNPDTGELKGALGVEKIFDSYLSGSKGSLRYIHDIWGYIAPNTKKEKQPKRGDDVHLTIDSNIQVFVEEALDGMVERYQPKDLFAVVMDAKTGEILAYSQRPTFNPETGKDFGKKWANDLYQNTYEPGSTFKSYGLAAAIQEGAFDPDKKYKSGHRDIMGSRISDWNRVGWGEIPMSLGFTYSSNTLMMHLQDLVGADKMKSWYERFGFGKSTKGMFDGEAPGQIGWSNELQQKTSSFGQSTTVTPVQMLQAQSAFFNDGNMLKPWFVNSVENPVSKRQFYKGQKQIAGKPITKDTAEKVEKQLDLVVNSKKSHAANYRIDGYEVEGKTGTAQVAAPNGGGYVKGPNPYFVSFMGDAPKKNPKVIVYAGMSLAQKNDQEAYELGVSKAFKPIMENTLKYLNVGKSKDDTSNAEYSKVPDVEGQDKQKAIDNVSAKSLEPVTIGSGTQIKAQSIKAGNKVLPHSKVLLLTDGDLTMPDMSGWTKEDVIAFENLTNIKVNLKGSGFVSHQSISKGQKLTEKDKIDVEFSSENVDSNSTNNSDSNSDDKKKSDSKTDKDKSD	MAKQKIKIKKNKIGAVLLVGLFGLLFFILVLRISYIMITGHSNGQDLVMKANEKYLVKNAQQPERGKIYDRNGKVLAEDVERYKLVAVIDKKASANSKKPRHVVDKKETAKKLSTVIDMKPEEIEKRLSQKKAFQIEFGRKGTNLTYQEKLKIEKMNLPGISLLPETERFYPNGNFASHLIGRAQKNPDTGELKGALGVEKIFDSYLSGSKGSLRYIHDIWGYIAPNTKKEKQPKRGDDVHLTIDSNIQVFVEEALDGMVERYQPKDLFAVVMDAKTGEILAYSQRPTFNPETGKDFGKKWANDLYQNTYEPGSTFKSYGLAAAIQEGAFDPDKKYKSGHRDIMGSRISDWNRVGWGEIPMSLGFTYSSNTLMMHLQDLVGADKMKSWYERFGFGKSTKGMFDGEAPGQIGWSNELQQKTSSFGQSTTVTPVQMLQAQSAFFNDGNMLKPWFVNSVENPVSKRQFYKGQKQIAGKPITKDTAEKVEKQLDLVVNSKKSHAANYRIDGYEVEGKTGTAQVAAPNGGGYVKGPNPYFVSFMGDAPKKNPKVIVYAGMSLAQKNDQEAYELGVSKAFKPIMENTLKYLNVGKSKDDTSNAEYSKVPDVEGQDKQKAIDNVSAKSLEPVTIGSGTQIKAQSIKAGNKVLPHSKVLLLTDGDLTMPDMSGWTKEDVIAFENLTNIKVNLKGSGFVSHQSISKGQKLTEKDKIDVEFSSENVDSNSTNNSDSNSDDKKKSDSKTDKDKSD
ASD49649.1	ASD49627.1	100	1	744	99.866	0.0	MAKQKIKIKKNKIGAVLLVGLFGLLFFILVLRISYIMITGHSNGQDLVMKANEKYLVKNAQQPERGKIYDRNGKVLAEDVERYKLVAVIDKKASANSKKPRHVVDKKETAKKLSTVIDMKPEEIEKRLSQKKAFQIEFGRKGTNLTYQDKLKIEKMNLPGISLLPETERFYPNGNFASHLIGRAQKNPDTGELKGALGVEKIFDSYLSGSKGSLRYIHDIWGYIAPNTKKEKQPKRGDDVHLTIDSNIQVFVEEALDGMVERYQPKDLFAVVMDAKTGEILAYSQRPTFNPETGKDFGKKWANDLYQNTYEPGSTFKSYGLAAAIQEGAFDPDKKYKSGHRDIMGSRISDWNRVGWGEIPMSLGFTYSSNTLMMHLQDLVGADKMKSWYERFGFGKSTKGMFDGEAPGQIGWSNELQQKTSSFGQSTTVTPVQMLQAQSAFFNDGNMLKPWFVNSVENPVSKRQFYKGQKQIAGKPITKDTAEKVEKQLDLVVNSKKSHAANYRIDGYEVEGKTGTAQVAAPNGGGYVKGPNPYFVSFMGDAPKKNPKVIVYAGMSLAQKNDQEAYELGVSKAFKPIMENTLKYLNVGKSKDDTSNAEYSKVPDVEGQDKQKAIDNVSAKSLEPVTIGSGTQIKAQSIKAGNKVLPHSKVLLLTDGDLTMPDMSGWTKEDVIAFENLTNIKVNLKGSGFVSHQSISKGQKLTEKDKIDVEFSSENVDSNSTNNSDSNSDDKKKSDSKTDKDKSD	MAKQKIKIKKNKIGAVLLVGLFGLLFFILVLRISYIMITGHSNGQDLVMKANEKYLVKNAQQPERGKIYDRNGKVLAEDVERYKLVAVIDKKASANSKKPRHVVDKKETAKKLSTVIDMKPEEIEKRLSQKKAFQIEFGRKGTNLTYQEKLKIEKMNLPGISLLPETERFYPNGNFASHLIGRAQKNPDTGELKGALGVEKIFDSYLSGSKGSLRYIHDIWGYIAPNTKKEKQPKRGDDVHLTIDSNIQVFVEEALDGMVERYQPKDLFAVVMDAKTGEILAYSQRPTFNPETGKDFGKKWANDLYQNTYEPGSTFKSYGLAAAIQEGAFDPDKKYKSGHRDIMGSRISDWNRVGWGEIPMSLGFTYSSNTLMMHLQDLVGADKMKSWYERFGFGKSTKGMFDGEAPGQIGWSNELQQKTSSFGQSTTVTPVQMLQAQSAFFNDGNMLKPWFVNSVENPVSKRQFYKGQKQIAGKPITKDTAEKVEKQLDLVVNSKKSHAANYRIDGYEVEGKTGTAQVAAPNGGGYVKGPNPYFVSFMGDAPKKNPKVIVYAGMSLAQKNDQEAYELGVSKAFKPIMENTLKYLNVGKSKDDTSNAEYSKVPDVEGQDKQKAIDNVSAKSLEPVTIGSGTQIKAQSIKAGNKVLPHSKVLLLTDGDLTMPDMSGWTKEDVIAFENLTNIKVNLKGSGFVSHQSISKGQKLTEKDKIDVEFSSENVDSNSTNNSDSNSDDKKKSDSKTDKDKSD
ASD49649.1	ASD49634.1	100	1	744	99.866	0.0	MAKQKIKIKKNKIGAVLLVGLFGLLFFILVLRISYIMITGHSNGQDLVMKANEKYLVKNAQQPERGKIYDRNGKVLAEDVERYKLVAVIDKKASANSKKPRHVVDKKETAKKLSTVIDMKPEEIEKRLSQKKAFQIEFGRKGTNLTYQDKLKIEKMNLPGISLLPETERFYPNGNFASHLIGRAQKNPDTGELKGALGVEKIFDSYLSGSKGSLRYIHDIWGYIAPNTKKEKQPKRGDDVHLTIDSNIQVFVEEALDGMVERYQPKDLFAVVMDAKTGEILAYSQRPTFNPETGKDFGKKWANDLYQNTYEPGSTFKSYGLAAAIQEGAFDPDKKYKSGHRDIMGSRISDWNRVGWGEIPMSLGFTYSSNTLMMHLQDLVGADKMKSWYERFGFGKSTKGMFDGEAPGQIGWSNELQQKTSSFGQSTTVTPVQMLQAQSAFFNDGNMLKPWFVNSVENPVSKRQFYKGQKQIAGKPITKDTAEKVEKQLDLVVNSKKSHAANYRIDGYEVEGKTGTAQVAAPNGGGYVKGPNPYFVSFMGDAPKKNPKVIVYAGMSLAQKNDQEAYELGVSKAFKPIMENTLKYLNVGKSKDDTSNAEYSKVPDVEGQDKQKAIDNVSAKSLEPVTIGSGTQIKAQSIKAGNKVLPHSKVLLLTDGDLTMPDMSGWTKEDVIAFENLTNIKVNLKGSGFVSHQSISKGQKLTEKDKIDVEFSSENVDSNSTNNSDSNSDDKKKSDSKTDKDKSD	MAKQKIKIKKNKIGAVLLVGLFGLLFFILVLRISYIMITGHSNGQDLVMKANEKYLVKNAQQPERGKIYDRNGKVLAEDVERYKLVAVIDKKASANSKKPRHVVDKKETAKKLSTVIDMKPEEIEKRLSQKKAFQIEFGRKGTNLTYQDKLKIEKMNLPGISLLPETERFYPNGNFASHLIGRAQKNPDTGELKGALGVEKIFDSYLSGSKGSLRYIHDIWGYIAPNTKKEKQPKRGDDVHLTIDSNIQVFVEEALDGMVERYQPKDLFAVVMDAKTGEILAYSQRPTFNPETGKDFGKKWANDLYQNTYEPGSTFKSYGLAAAIQEGAFDPDKKYKSGHRDIMGSRISDWNRVGWGEIPMSLGFTYSSNTLMMHLQDLVGADKMKSWYERFGFGKSTKGMFDGEAPGQIGWSNELQQKTSSFGQSTTVTPVQMLQAQSAFFNDGNMLKPWFVNSVENPVSKRQFYKGQKQIAGKPITKDTAEKVEKQLDLVVNSKKSHAANYRIDGYEVEGKTGTAQVAAPNGGGYVKGPNPYFVSFMGDAPKKNPKVIVYAGMSLAQKNDQEAYELGVSKAFKPIMENTLKYLNVGKSKDETSNAEYSKVPDVEGQDKQKAIDNVSAKSLEPVTIGSGTQIKAQSIKAGNKVLPHSKVLLLTDGDLTMPDMSGWTKEDVIAFENLTNIKVNLKGSGFVSHQSISKGQKLTEKDKIDVEFSSENVDSNSTNNSDSNSDDKKKSDSKTDKDKSD
ASD49649.1	ASD49636.1	100	1	744	99.731	0.0	MAKQKIKIKKNKIGAVLLVGLFGLLFFILVLRISYIMITGHSNGQDLVMKANEKYLVKNAQQPERGKIYDRNGKVLAEDVERYKLVAVIDKKASANSKKPRHVVDKKETAKKLSTVIDMKPEEIEKRLSQKKAFQIEFGRKGTNLTYQDKLKIEKMNLPGISLLPETERFYPNGNFASHLIGRAQKNPDTGELKGALGVEKIFDSYLSGSKGSLRYIHDIWGYIAPNTKKEKQPKRGDDVHLTIDSNIQVFVEEALDGMVERYQPKDLFAVVMDAKTGEILAYSQRPTFNPETGKDFGKKWANDLYQNTYEPGSTFKSYGLAAAIQEGAFDPDKKYKSGHRDIMGSRISDWNRVGWGEIPMSLGFTYSSNTLMMHLQDLVGADKMKSWYERFGFGKSTKGMFDGEAPGQIGWSNELQQKTSSFGQSTTVTPVQMLQAQSAFFNDGNMLKPWFVNSVENPVSKRQFYKGQKQIAGKPITKDTAEKVEKQLDLVVNSKKSHAANYRIDGYEVEGKTGTAQVAAPNGGGYVKGPNPYFVSFMGDAPKKNPKVIVYAGMSLAQKNDQEAYELGVSKAFKPIMENTLKYLNVGKSKDDTSNAEYSKVPDVEGQDKQKAIDNVSAKSLEPVTIGSGTQIKAQSIKAGNKVLPHSKVLLLTDGDLTMPDMSGWTKEDVIAFENLTNIKVNLKGSGFVSHQSISKGQKLTEKDKIDVEFSSENVDSNSTNNSDSNSDDKKKSDSKTDKDKSD	MAKQKIKIKKNKIGAVLLVGLFGLLFFILVLRISYIMITGHSNGQDLVMKANEKYLVKNAQQPERGKIYDRNGKVLAEDVERYKLVAVIDKKASANSKKPRHVVDKKETAKKLSTVIDMKPEEIEKRLSQKKAFQIEFGRKGTNLTYQDKLKIEKMNLPGISLLPETERFYPNGNFASHLIGRAQKNPDTGELKGALGVEKIFDSYLSGSKGSLRYIHDIWGYIAPNTKKEKQPKRGDDVHLTIDSNIQVFVEEALDGMVERYQPKDLFAVVMDAKTGEILAYSQRPTFNPETGKDFGKKWANDLYQNTYEPGSTFKSYGLAAAIQEGAFDPDKKYKSGHRDIMGSRISDWNRVGWGEIPMSLGFTYSSNTLMMHLQDLVGADKMKSWYERFGFGKSTKGMFDGEAPGQIGWSNELQQKTSSFGQSTTVTPVQMLQAQSAFFNDGNMLKPWFVNSVENPVSKRQFYKGQKQIAGKPITKDTAEKVEKQLDLVVNSKKSHAANYRIDGYEVEGKTGTAQVAAPNGGGYVKGPNPYFVSFMGDAPKKNPKVIVYAGMSLAQKNDQEAYELGVSKAFKPIMENTLKYLNVGKSKDDTSNAEYSKVPDVEGQDKQKAIDNVSAKSLEPVTIGTGTQIKAQSIKAGNKVLPHSKVLLLTDGDLTMPDMTGWTKEDVIAFENLTNIKVNLKGSGFVSHQSISKGQKLTEKDKIDVEFSSENVDSNSTNNSDSNSDDKKKSDSKTDKDKSD
ASD49649.1	ASD49639.1	100	1	744	99.866	0.0	MAKQKIKIKKNKIGAVLLVGLFGLLFFILVLRISYIMITGHSNGQDLVMKANEKYLVKNAQQPERGKIYDRNGKVLAEDVERYKLVAVIDKKASANSKKPRHVVDKKETAKKLSTVIDMKPEEIEKRLSQKKAFQIEFGRKGTNLTYQDKLKIEKMNLPGISLLPETERFYPNGNFASHLIGRAQKNPDTGELKGALGVEKIFDSYLSGSKGSLRYIHDIWGYIAPNTKKEKQPKRGDDVHLTIDSNIQVFVEEALDGMVERYQPKDLFAVVMDAKTGEILAYSQRPTFNPETGKDFGKKWANDLYQNTYEPGSTFKSYGLAAAIQEGAFDPDKKYKSGHRDIMGSRISDWNRVGWGEIPMSLGFTYSSNTLMMHLQDLVGADKMKSWYERFGFGKSTKGMFDGEAPGQIGWSNELQQKTSSFGQSTTVTPVQMLQAQSAFFNDGNMLKPWFVNSVENPVSKRQFYKGQKQIAGKPITKDTAEKVEKQLDLVVNSKKSHAANYRIDGYEVEGKTGTAQVAAPNGGGYVKGPNPYFVSFMGDAPKKNPKVIVYAGMSLAQKNDQEAYELGVSKAFKPIMENTLKYLNVGKSKDDTSNAEYSKVPDVEGQDKQKAIDNVSAKSLEPVTIGSGTQIKAQSIKAGNKVLPHSKVLLLTDGDLTMPDMSGWTKEDVIAFENLTNIKVNLKGSGFVSHQSISKGQKLTEKDKIDVEFSSENVDSNSTNNSDSNSDDKKKSDSKTDKDKSD	MAKQKIKIKKNKIGAVLLVGLFGLLFFILVLRISYIMITGHSNGQDLVMKANEKYLVKNAQQPERGKIYDRNGKVLAEDVERYKLVAVIDKKASANSKKPRHVVDKKETAKKLSTVIDMKPEEIEKRLSQKKAFQIEFGRKGTNLTYQDKLKIEKMNLPGISLLPETERFYPNGNFASHLIGRAQKNPDTGELKGALGVEKIFDSYLSGSKGSLRYIHDIWGYIAPNTKKEKQPKRGDDVHLTIDSNIQVFVEEALDGMVERYQPKDLFAVVMDAKTGEILAYSQRPTFNPETGKDFGKKWANDLYQNTYEPGSTFKSYGLAAAIQEGAFDPDKKYKSGHRDIMGSRISDWNRVGWGEIPMSLGFTYSSNTLMMHLQDLVGADKMKSWYERFGFGKSTKGMFDGEAPGQIGWSNELQQKTSSFGQSTTVTPVQMLQAQSAFFNDGNMLKPWFVNSVENPVSKRQFYKGQKQIAGKPITKDTAEKVEKQLDLVVNSKKSHAANYRIDGYEVEGKTGTAQVAAPNGGGYVKGPNPYFVSFMGDAPKKNPKVIVYAGMSLAQKNDQEAYELGVSKAFKPIMENTLKYLNVGKSKDETSNAEYSKVPDVEGQDKQKAIDNVSAKSLEPVTIGSGTQIKAQSIKAGNKVLPHSKVLLLTDGDLTMPDMSGWTKEDVIAFENLTNIKVNLKGSGFVSHQSISKGQKLTEKDKIDVEFSSENVDSNSTNNSDSNSDDKKKSDSKTDKDKSD
ASD49649.1	ASD49640.1	100	1	744	99.866	0.0	MAKQKIKIKKNKIGAVLLVGLFGLLFFILVLRISYIMITGHSNGQDLVMKANEKYLVKNAQQPERGKIYDRNGKVLAEDVERYKLVAVIDKKASANSKKPRHVVDKKETAKKLSTVIDMKPEEIEKRLSQKKAFQIEFGRKGTNLTYQDKLKIEKMNLPGISLLPETERFYPNGNFASHLIGRAQKNPDTGELKGALGVEKIFDSYLSGSKGSLRYIHDIWGYIAPNTKKEKQPKRGDDVHLTIDSNIQVFVEEALDGMVERYQPKDLFAVVMDAKTGEILAYSQRPTFNPETGKDFGKKWANDLYQNTYEPGSTFKSYGLAAAIQEGAFDPDKKYKSGHRDIMGSRISDWNRVGWGEIPMSLGFTYSSNTLMMHLQDLVGADKMKSWYERFGFGKSTKGMFDGEAPGQIGWSNELQQKTSSFGQSTTVTPVQMLQAQSAFFNDGNMLKPWFVNSVENPVSKRQFYKGQKQIAGKPITKDTAEKVEKQLDLVVNSKKSHAANYRIDGYEVEGKTGTAQVAAPNGGGYVKGPNPYFVSFMGDAPKKNPKVIVYAGMSLAQKNDQEAYELGVSKAFKPIMENTLKYLNVGKSKDDTSNAEYSKVPDVEGQDKQKAIDNVSAKSLEPVTIGSGTQIKAQSIKAGNKVLPHSKVLLLTDGDLTMPDMSGWTKEDVIAFENLTNIKVNLKGSGFVSHQSISKGQKLTEKDKIDVEFSSENVDSNSTNNSDSNSDDKKKSDSKTDKDKSD	MAKQKIKIKKNKIGAVLLVGLFGLLFFILVLRISYIMITGHSNGQDLVMKANEKYLVKNAQQPERGKIYDRNGKVLAEDVERYKLVAVIDKKASANSKKPRHVVDKKETAKKLSTVIDMKPEEIEKRLSQKKAFQIEFGRKGTNLTYQDKLKIEKMNLPGISLLPETERFYPNGNFASHLIGRAQKNPDTGELKGALGVEKIFDSYLSGSKGSLRYIHDIWGYIAPNTKKEKQPKRGDDVHLTIDSNIQVFVEEALDGMVERYQPKDLFAVVMDAKTGEILAYSQRPTFNPETGKDFGKKWANDLYQNTYEPGSTFKSYGLAAAIQEGAFDPDKKYKSGHRDIMGSRISDWNRVGWGEIPMSLGFTYSSNTLMMHLQDLVGADKMKSWYERFGFGKSTKGMFDGEAPGQIGWSNELQQKTSSFGQSTTVTPVQMLQAQSAFFNDGNMLKPWFVNSVENPVSKRQFYKGQKQIAGKPITKDTAEKVEKQLDLVVNSKKSHAANYRIDGYEVEGKTGTAQVAAPNGGGYVKGPNPYFVSFMGDAPKKNPKVIVYAGMSLAQKNDQEAYELGVSKAFKPIMENTLKYLNVGKSKDETSNAEYSKVPDVEGQDKQKAIDNVSAKSLEPVTIGSGTQIKAQSIKAGNKVLPHSKVLLLTDGDLTMPDMSGWTKEDVIAFENLTNIKVNLKGSGFVSHQSISKGQKLTEKDKIDVEFSSENVDSNSTNNSDSNSDDKKKSDSKTDKDKSD
ASD49649.1	ASD49642.1	100	1	744	99.866	0.0	MAKQKIKIKKNKIGAVLLVGLFGLLFFILVLRISYIMITGHSNGQDLVMKANEKYLVKNAQQPERGKIYDRNGKVLAEDVERYKLVAVIDKKASANSKKPRHVVDKKETAKKLSTVIDMKPEEIEKRLSQKKAFQIEFGRKGTNLTYQDKLKIEKMNLPGISLLPETERFYPNGNFASHLIGRAQKNPDTGELKGALGVEKIFDSYLSGSKGSLRYIHDIWGYIAPNTKKEKQPKRGDDVHLTIDSNIQVFVEEALDGMVERYQPKDLFAVVMDAKTGEILAYSQRPTFNPETGKDFGKKWANDLYQNTYEPGSTFKSYGLAAAIQEGAFDPDKKYKSGHRDIMGSRISDWNRVGWGEIPMSLGFTYSSNTLMMHLQDLVGADKMKSWYERFGFGKSTKGMFDGEAPGQIGWSNELQQKTSSFGQSTTVTPVQMLQAQSAFFNDGNMLKPWFVNSVENPVSKRQFYKGQKQIAGKPITKDTAEKVEKQLDLVVNSKKSHAANYRIDGYEVEGKTGTAQVAAPNGGGYVKGPNPYFVSFMGDAPKKNPKVIVYAGMSLAQKNDQEAYELGVSKAFKPIMENTLKYLNVGKSKDDTSNAEYSKVPDVEGQDKQKAIDNVSAKSLEPVTIGSGTQIKAQSIKAGNKVLPHSKVLLLTDGDLTMPDMSGWTKEDVIAFENLTNIKVNLKGSGFVSHQSISKGQKLTEKDKIDVEFSSENVDSNSTNNSDSNSDDKKKSDSKTDKDKSD	MAKQKIKIKKNKIGAVLLVGLFGLLFFILVLRISYIMITGHSNGQDLVMKANEKYLVKNAQQPERGKIYDRNGKVLAEDVERYKLVAVIDKKASANSKKPRHVVDKKETAKKLSTVIDMKPEEIEKRLSQKKAFQIEFGRKGTNLTYQEKLKIEKMNLPGISLLPETERFYPNGNFASHLIGRAQKNPDTGELKGALGVEKIFDSYLSGSKGSLRYIHDIWGYIAPNTKKEKQPKRGDDVHLTIDSNIQVFVEEALDGMVERYQPKDLFAVVMDAKTGEILAYSQRPTFNPETGKDFGKKWANDLYQNTYEPGSTFKSYGLAAAIQEGAFDPDKKYKSGHRDIMGSRISDWNRVGWGEIPMSLGFTYSSNTLMMHLQDLVGADKMKSWYERFGFGKSTKGMFDGEAPGQIGWSNELQQKTSSFGQSTTVTPVQMLQAQSAFFNDGNMLKPWFVNSVENPVSKRQFYKGQKQIAGKPITKDTAEKVEKQLDLVVNSKKSHAANYRIDGYEVEGKTGTAQVAAPNGGGYVKGPNPYFVSFMGDAPKKNPKVIVYAGMSLAQKNDQEAYELGVSKAFKPIMENTLKYLNVGKSKDDTSNAEYSKVPDVEGQDKQKAIDNVSAKSLEPVTIGSGTQIKAQSIKAGNKVLPHSKVLLLTDGDLTMPDMSGWTKEDVIAFENLTNIKVNLKGSGFVSHQSISKGQKLTEKDKIDVEFSSENVDSNSTNNSDSNSDDKKKSDSKTDKDKSD
ASD49649.1	ASD49644.1	100	1	744	99.866	0.0	MAKQKIKIKKNKIGAVLLVGLFGLLFFILVLRISYIMITGHSNGQDLVMKANEKYLVKNAQQPERGKIYDRNGKVLAEDVERYKLVAVIDKKASANSKKPRHVVDKKETAKKLSTVIDMKPEEIEKRLSQKKAFQIEFGRKGTNLTYQDKLKIEKMNLPGISLLPETERFYPNGNFASHLIGRAQKNPDTGELKGALGVEKIFDSYLSGSKGSLRYIHDIWGYIAPNTKKEKQPKRGDDVHLTIDSNIQVFVEEALDGMVERYQPKDLFAVVMDAKTGEILAYSQRPTFNPETGKDFGKKWANDLYQNTYEPGSTFKSYGLAAAIQEGAFDPDKKYKSGHRDIMGSRISDWNRVGWGEIPMSLGFTYSSNTLMMHLQDLVGADKMKSWYERFGFGKSTKGMFDGEAPGQIGWSNELQQKTSSFGQSTTVTPVQMLQAQSAFFNDGNMLKPWFVNSVENPVSKRQFYKGQKQIAGKPITKDTAEKVEKQLDLVVNSKKSHAANYRIDGYEVEGKTGTAQVAAPNGGGYVKGPNPYFVSFMGDAPKKNPKVIVYAGMSLAQKNDQEAYELGVSKAFKPIMENTLKYLNVGKSKDDTSNAEYSKVPDVEGQDKQKAIDNVSAKSLEPVTIGSGTQIKAQSIKAGNKVLPHSKVLLLTDGDLTMPDMSGWTKEDVIAFENLTNIKVNLKGSGFVSHQSISKGQKLTEKDKIDVEFSSENVDSNSTNNSDSNSDDKKKSDSKTDKDKSD	MAKQKIKIKKNKIGAVLLVGLFGLLFFILVLRISYIMITGHSNGQDLVMKANEKYLVKNAQQPERGKIYDRNGKVLAEDVERYKLVAVIDKKASANSKKPRHVVDKKETAKKLSTVIDMKPEEIEKRLSQKKAFQIEFGRKGTNLTYQDKLKIEKMNLPGISLLPETERFYPNGNFASHLIGRAQKNPDTGELKGALGVEKIFDSYLSGSKGSLRYIHDIWGYIAPNTKKEKQPKRGDDVHLTIDSNIQVFVEEALDGMVERYQPKDLFAVVMDAKTGEILAYSQRPTFNPETGKDFGKKWANDLYQNTYEPGSTFKSYGLAAAIQEGAFDPDKKYKSGHRDIMGSRISDWNRVGWGEIPMSLGFTYSSNTLMMHLQDLVGADKMKSWYERFGFGKSTKGMFDGEAPGQIGWSNELQQKTSSFGQSTTVTPVQMLQAQSAFFNDGNMLKPWFVNSVENPVSKRQFYKGQKQIAGKPITKDTAEKVEKQLDLVVNSKKSHAANYRIDGYEVEGKTGTAQVAAPNGGGYVKGPNPYFVSFMGDAPKKNPKVIVYAGMSLAQKNDQEAYELGVSKAFKPIMENTLKYLNVGKSKDETSNAEYSKVPDVEGQDKQKAIDNVSAKSLEPVTIGSGTQIKAQSIKAGNKVLPHSKVLLLTDGDLTMPDMSGWTKEDVIAFENLTNIKVNLKGSGFVSHQSISKGQKLTEKDKIDVEFSSENVDSNSTNNSDSNSDDKKKSDSKTDKDKSD
ASD49649.1	ASD49648.1	100	1	744	99.731	0.0	MAKQKIKIKKNKIGAVLLVGLFGLLFFILVLRISYIMITGHSNGQDLVMKANEKYLVKNAQQPERGKIYDRNGKVLAEDVERYKLVAVIDKKASANSKKPRHVVDKKETAKKLSTVIDMKPEEIEKRLSQKKAFQIEFGRKGTNLTYQDKLKIEKMNLPGISLLPETERFYPNGNFASHLIGRAQKNPDTGELKGALGVEKIFDSYLSGSKGSLRYIHDIWGYIAPNTKKEKQPKRGDDVHLTIDSNIQVFVEEALDGMVERYQPKDLFAVVMDAKTGEILAYSQRPTFNPETGKDFGKKWANDLYQNTYEPGSTFKSYGLAAAIQEGAFDPDKKYKSGHRDIMGSRISDWNRVGWGEIPMSLGFTYSSNTLMMHLQDLVGADKMKSWYERFGFGKSTKGMFDGEAPGQIGWSNELQQKTSSFGQSTTVTPVQMLQAQSAFFNDGNMLKPWFVNSVENPVSKRQFYKGQKQIAGKPITKDTAEKVEKQLDLVVNSKKSHAANYRIDGYEVEGKTGTAQVAAPNGGGYVKGPNPYFVSFMGDAPKKNPKVIVYAGMSLAQKNDQEAYELGVSKAFKPIMENTLKYLNVGKSKDDTSNAEYSKVPDVEGQDKQKAIDNVSAKSLEPVTIGSGTQIKAQSIKAGNKVLPHSKVLLLTDGDLTMPDMSGWTKEDVIAFENLTNIKVNLKGSGFVSHQSISKGQKLTEKDKIDVEFSSENVDSNSTNNSDSNSDDKKKSDSKTDKDKSD	MAKQKIKIKKNKIGAVLLVGLFGLLFFILVLRISYIMITGHSNGQDLVMKANEKYLVKNAQQPERGKIYDRNGKVLAEDVERYKLVAVIDKKASANSKKPRHVVDKKETAKKLSTVIDMKPEEIEKRLSQKKAFQIEFGRKGTNLTYQDKLKIEKMNLPGISLLPETERFYPNGNFASHLIGRAQKNPDTGELKGALGVEKIFDSYLSGSKGSLRYIHDIWGYIAPNTKKEKQPKRGDDVHLTIDSNIQVFVEEALDGMVERYQPKDLFAVVMDAKTGEILAYSQRPTFNPETGKDFGKKWANDLYQNTYEPGSTFKSYGLAAAIQEGAFDPDKKYKSGHRDIMGSRISDWNRVGWGEIPMSLGFTYSSNTLMMHLQDLVGADKMKSWYERFGFGKSTKGMFDGEAPGQIGWSNELQQKTSSFGQSTTVTPVQMLQAQSAFFNDGNMLKPWFVNSVENPVSKRQFYKGQKQIAGKPITKDTAEKVEKQLDLVVNSKKSHAANYRIDGYEVEGKTGTAQVAAPNGGGYVKGPNPYFVSFMGDAPKKNPKVIVYAGMSLAQKNDQEAYELGVSKAFKPIMENTLKYLNVGKSKDDTSNAEYSKVPDVEGQDKQKAIDNVSAKSLEPVTIGTGTQIKAQSIKAGNKVLPHSKVLLLTDGDLTMPDMTGWTKEDVIAFENLTNIKVNLKGSGFVSHQSISKGQKLTEKDKIDVEFSSENVDSNSTNNSDSNSDDKKKSDSKTDKDKSD
ASD49649.1	ASD49637.1	100	1	744	99.731	0.0	MAKQKIKIKKNKIGAVLLVGLFGLLFFILVLRISYIMITGHSNGQDLVMKANEKYLVKNAQQPERGKIYDRNGKVLAEDVERYKLVAVIDKKASANSKKPRHVVDKKETAKKLSTVIDMKPEEIEKRLSQKKAFQIEFGRKGTNLTYQDKLKIEKMNLPGISLLPETERFYPNGNFASHLIGRAQKNPDTGELKGALGVEKIFDSYLSGSKGSLRYIHDIWGYIAPNTKKEKQPKRGDDVHLTIDSNIQVFVEEALDGMVERYQPKDLFAVVMDAKTGEILAYSQRPTFNPETGKDFGKKWANDLYQNTYEPGSTFKSYGLAAAIQEGAFDPDKKYKSGHRDIMGSRISDWNRVGWGEIPMSLGFTYSSNTLMMHLQDLVGADKMKSWYERFGFGKSTKGMFDGEAPGQIGWSNELQQKTSSFGQSTTVTPVQMLQAQSAFFNDGNMLKPWFVNSVENPVSKRQFYKGQKQIAGKPITKDTAEKVEKQLDLVVNSKKSHAANYRIDGYEVEGKTGTAQVAAPNGGGYVKGPNPYFVSFMGDAPKKNPKVIVYAGMSLAQKNDQEAYELGVSKAFKPIMENTLKYLNVGKSKDDTSNAEYSKVPDVEGQDKQKAIDNVSAKSLEPVTIGSGTQIKAQSIKAGNKVLPHSKVLLLTDGDLTMPDMSGWTKEDVIAFENLTNIKVNLKGSGFVSHQSISKGQKLTEKDKIDVEFSSENVDSNSTNNSDSNSDDKKKSDSKTDKDKSD	MAKQKIKIKKNKIGAVLLVGLFGLLFFILVLRISYIMITGHSNGQDLVMKANEKYLVKNAQQPERGKIYDRNGKVLAEDVERYKLVAVIDKKASANSKKPRHVVDKKETAKKLSTVIDMKPEEIEKRLSQKKAFQIEFGRKGTNLTYQDKLKIEKMNLPGISLLPETERFYPNGNFASHLIGRAQKNPDTGELKGALGVEKIFDSYLSGSKGSLRYIHDIWGYIAPNTKKEKQPKRGDDVHLTIDSNIQVFVEEALDGMVERYQPKDLFAVVMDAKTGEILAYSQRPTFNPETGKDFGKKWANDLYQNTYEPGSTFKSYGLAAAIQEGAFDPDKKYKSGHRDIMGSRISDWNRVGWGEIPMSLGFTYSSNTLMMHLQDLVGADKMKSWYERFGFGKSTKGMFDGEAPGQIGWSNELQQKTSSFGQSTTVTPVQMLQAQSAFFNDGNMLKPWFVNSVENPVSKRQFYKGQKQIAGKPITKETAEKVEKQLDLVVNSKKSHAANYRIDGYEVEGKTGTAQVAAPNGGGYVKGPNPYFVSFMGDAPKKNPKVIVYAGMSLAQKNDQEAYELGVSKAFKPIMENTLKYLNVGKSKDDTSNAEYSKVPDVEGQDKQKAIDNVSAKSLEPVTIGSGTQIKAQSIKAGNKVLPHSKVLLLTDGDLTMPDMTGWTKEDVIAFENLTNIKVNLKGSGFVSHQSISKGQKLTEKDKIDVEFSSENVDSNSTNNSDSNSDDKKKSDSKTDKDKSD
ASD49649.1	ASD49641.1	100	1	744	99.731	0.0	MAKQKIKIKKNKIGAVLLVGLFGLLFFILVLRISYIMITGHSNGQDLVMKANEKYLVKNAQQPERGKIYDRNGKVLAEDVERYKLVAVIDKKASANSKKPRHVVDKKETAKKLSTVIDMKPEEIEKRLSQKKAFQIEFGRKGTNLTYQDKLKIEKMNLPGISLLPETERFYPNGNFASHLIGRAQKNPDTGELKGALGVEKIFDSYLSGSKGSLRYIHDIWGYIAPNTKKEKQPKRGDDVHLTIDSNIQVFVEEALDGMVERYQPKDLFAVVMDAKTGEILAYSQRPTFNPETGKDFGKKWANDLYQNTYEPGSTFKSYGLAAAIQEGAFDPDKKYKSGHRDIMGSRISDWNRVGWGEIPMSLGFTYSSNTLMMHLQDLVGADKMKSWYERFGFGKSTKGMFDGEAPGQIGWSNELQQKTSSFGQSTTVTPVQMLQAQSAFFNDGNMLKPWFVNSVENPVSKRQFYKGQKQIAGKPITKDTAEKVEKQLDLVVNSKKSHAANYRIDGYEVEGKTGTAQVAAPNGGGYVKGPNPYFVSFMGDAPKKNPKVIVYAGMSLAQKNDQEAYELGVSKAFKPIMENTLKYLNVGKSKDDTSNAEYSKVPDVEGQDKQKAIDNVSAKSLEPVTIGSGTQIKAQSIKAGNKVLPHSKVLLLTDGDLTMPDMSGWTKEDVIAFENLTNIKVNLKGSGFVSHQSISKGQKLTEKDKIDVEFSSENVDSNSTNNSDSNSDDKKKSDSKTDKDKSD	MAKQKIKIKKNKIGAVLLVGLFGLLFFILVLRISYIMITGHSNGQDLVMKANEKYLVKNAQQPERGKIYDRNGKVLAEDVERYKLVAVIDKKASANSKKPRHVVDKKETAKKLSTVINMKPEEIEKRLSQKKAFQIEFGRKGTNLTYQDKLKIEKMNLPGISLLPETERFYPNGNFASHLIGRAQKNPDTGELKGALGVEKIFDSYLSGSKGSLRYIHDIWGYIAPNTKKEKQPKRGDDVHLTIDSNIQVFVEEALDGMVERYQPKDLFAVVMDAKTGEILAYSQRPTFNPETGKDFGKKWANDLYQNTYEPGSTFKSYGLAAAIQEGAFDPDKKYKSGHRDIMGSRISDWNRVGWGEIPMSLGFTYSSNTLMMHLQDLVGADKMKSWYERFGFGKSTKGMFDGEAPGQIGWSNELQQKTSSFGQSTTVTPVQMLQAQSAFFNDGNMLKPWFVNSVENPVSKRQFYKGQKQIAGKPITKDTAEKVEKQLDLVVNSKKSHAANYRIDGYEVEGKTGTAQVAAPNGGGYVKGPNPYFVSFMGDAPKKNPKVIVYAGMSLAQKNDQEAYELGVSKAFKPIMENTLKYLNVGKSKDDTSNAEYSKVPDVEGQDKQKAIDNMSAKSLEPVTIGSGTQIKAQSIKAGNKVLPHSKVLLLTDGDLTMPDMSGWTKEDVIAFENLTNIKVNLKGSGFVSHQSISKGQKLTEKDKIDVEFSSENVDSNSTNNSDSNSDDKKKSDSKTDKDKSD
ASD49649.1	ASD49650.1	100	1	744	99.731	0.0	MAKQKIKIKKNKIGAVLLVGLFGLLFFILVLRISYIMITGHSNGQDLVMKANEKYLVKNAQQPERGKIYDRNGKVLAEDVERYKLVAVIDKKASANSKKPRHVVDKKETAKKLSTVIDMKPEEIEKRLSQKKAFQIEFGRKGTNLTYQDKLKIEKMNLPGISLLPETERFYPNGNFASHLIGRAQKNPDTGELKGALGVEKIFDSYLSGSKGSLRYIHDIWGYIAPNTKKEKQPKRGDDVHLTIDSNIQVFVEEALDGMVERYQPKDLFAVVMDAKTGEILAYSQRPTFNPETGKDFGKKWANDLYQNTYEPGSTFKSYGLAAAIQEGAFDPDKKYKSGHRDIMGSRISDWNRVGWGEIPMSLGFTYSSNTLMMHLQDLVGADKMKSWYERFGFGKSTKGMFDGEAPGQIGWSNELQQKTSSFGQSTTVTPVQMLQAQSAFFNDGNMLKPWFVNSVENPVSKRQFYKGQKQIAGKPITKDTAEKVEKQLDLVVNSKKSHAANYRIDGYEVEGKTGTAQVAAPNGGGYVKGPNPYFVSFMGDAPKKNPKVIVYAGMSLAQKNDQEAYELGVSKAFKPIMENTLKYLNVGKSKDDTSNAEYSKVPDVEGQDKQKAIDNVSAKSLEPVTIGSGTQIKAQSIKAGNKVLPHSKVLLLTDGDLTMPDMSGWTKEDVIAFENLTNIKVNLKGSGFVSHQSISKGQKLTEKDKIDVEFSSENVDSNSTNNSDSNSDDKKKSDSKTDKDKSD	MAKQKIKIKKNKIGAVLLVGLFGLLFFILVLRISYIMITGHSNGQDLVMKANEKYLVKNAQQPERGKIYDRNGKVLAEDVERYKLVAVIDKKASANSKKPRHVVDKKETAKKLSTVINMKPEEIEKRLSQKKAFQIEFGRKGTNLTYQDKLKIEKMNLPGISLLPETERFYPNGNFASHLIGRAQKNPDTGELKGALGVEKIFDSYLSGSKGSLRYIHDIWGYIAPNTKKEKQPKRGDDVHLTIDSNIQVFVEEALDGMVERYQPKDLFAVVMDAKTGEILAYSQRPTFNPETGKDFGKKWANDLYQNTYEPGSTFKSYGLAAAIQEGAFDPDKKYKSGHRDIMGSRISDWNRVGWGEIPMSLGFTYSSNTLMMHLQDLVGADKMKSWYERFGFGKSTKGMFDGEAPGQIGWSNELQQKTSSFGQSTTVTPVQMLQAQSAFFNDGNMLKPWFVNSVENPVSKRQFYKGQKQIAGKPITKDTAEKVEKQLDLVVNSKKSHAANYRIDGYEVEGKTGTAQVAAPNGGGYVKGPNPYFVSFMGDAPKKNPKVIVYAGMSLAQKNDQEAYELGVSKAFKPIMENTLKYLNVGKSKDDTSNAEYSKVPDVEGQDKQKAIDNMSAKSLEPVTIGSGTQIKAQSIKAGNKVLPHSKVLLLTDGDLTMPDMSGWTKEDVIAFENLTNIKVNLKGSGFVSHQSISKGQKLTEKDKIDVEFSSENVDSNSTNNSDSNSDDKKKSDSKTDKDKSD
ASD49649.1	ASD49645.1	100	1	744	99.462	0.0	MAKQKIKIKKNKIGAVLLVGLFGLLFFILVLRISYIMITGHSNGQDLVMKANEKYLVKNAQQPERGKIYDRNGKVLAEDVERYKLVAVIDKKASANSKKPRHVVDKKETAKKLSTVIDMKPEEIEKRLSQKKAFQIEFGRKGTNLTYQDKLKIEKMNLPGISLLPETERFYPNGNFASHLIGRAQKNPDTGELKGALGVEKIFDSYLSGSKGSLRYIHDIWGYIAPNTKKEKQPKRGDDVHLTIDSNIQVFVEEALDGMVERYQPKDLFAVVMDAKTGEILAYSQRPTFNPETGKDFGKKWANDLYQNTYEPGSTFKSYGLAAAIQEGAFDPDKKYKSGHRDIMGSRISDWNRVGWGEIPMSLGFTYSSNTLMMHLQDLVGADKMKSWYERFGFGKSTKGMFDGEAPGQIGWSNELQQKTSSFGQSTTVTPVQMLQAQSAFFNDGNMLKPWFVNSVENPVSKRQFYKGQKQIAGKPITKDTAEKVEKQLDLVVNSKKSHAANYRIDGYEVEGKTGTAQVAAPNGGGYVKGPNPYFVSFMGDAPKKNPKVIVYAGMSLAQKNDQEAYELGVSKAFKPIMENTLKYLNVGKSKDDTSNAEYSKVPDVEGQDKQKAIDNVSAKSLEPVTIGSGTQIKAQSIKAGNKVLPHSKVLLLTDGDLTMPDMSGWTKEDVIAFENLTNIKVNLKGSGFVSHQSISKGQKLTEKDKIDVEFSSENVDSNSTNNSDSNSDDKKKSDSKTDKDKSD	MAKQKIKIKKNKIGAVLLVGLFGLLFFILVLRISYIMITGHSNGQDLVMKANEKYLVKNAQQPERGKIYDRNGKVLAEDVERYKLVAVIDKKASANSKKPRHVVDKKETAKKLSTVIDMKPEEIEKRLSQKKAFQIEFGRKGTNLTYQDKLKIEKMNLPGISLLPETERFYPNGNFASHLIGRAQKNPDTGELKGALGVEKIFDSYLSGSKGSLRYIHDIWGYIAPNTKKEKQPKRGDDVHLTIDSNIQVFVEEALDGMVERYQPKDLFAVVMDAKTGEILAYSQRPTFNPETGKDFGKKWANDLYQNTYEPGSTFKSYGLAAAIQEGAFDPDKKYKSGHRDIMGSRISDWNRVGWGEIPMSLGFTYSSNTLMMHLQDLVGADKMKSWYERFGFGKSTKGMFDGEAPGQIGWSNELQQKTSSFGQSTTVTPVQMLQAQSAFFNDGNMLKPWFVNSVENPVSKRQLYKGQKQIAGKPITKETAEKVEKQLDLVVNSKKSHAANYRIDGYEVEGKTGTAQVAAPNGGGYVKGPNPYFVSFMGDAPKKNPKVIVYAGMSLAQKNDQEAYELGVSKAFKPIMENTLKYLNVGKSKDDTSNAEYSKVPDVEGQDKQKAIDNVSAKSLEPVTIGSGTQIKAQSIKAGNKVLPHSKVLLLTDGDLTMPNMTGWTKEDVIAFENLTNIKVNLKGSGFVSHQSISKGQKLTEKDKIDVEFSSENVDSNSTNNSDSNSDDKKKSDSKTDKDKSD
ASD49649.1	ASD49638.1	100	1	744	99.597	0.0	MAKQKIKIKKNKIGAVLLVGLFGLLFFILVLRISYIMITGHSNGQDLVMKANEKYLVKNAQQPERGKIYDRNGKVLAEDVERYKLVAVIDKKASANSKKPRHVVDKKETAKKLSTVIDMKPEEIEKRLSQKKAFQIEFGRKGTNLTYQDKLKIEKMNLPGISLLPETERFYPNGNFASHLIGRAQKNPDTGELKGALGVEKIFDSYLSGSKGSLRYIHDIWGYIAPNTKKEKQPKRGDDVHLTIDSNIQVFVEEALDGMVERYQPKDLFAVVMDAKTGEILAYSQRPTFNPETGKDFGKKWANDLYQNTYEPGSTFKSYGLAAAIQEGAFDPDKKYKSGHRDIMGSRISDWNRVGWGEIPMSLGFTYSSNTLMMHLQDLVGADKMKSWYERFGFGKSTKGMFDGEAPGQIGWSNELQQKTSSFGQSTTVTPVQMLQAQSAFFNDGNMLKPWFVNSVENPVSKRQFYKGQKQIAGKPITKDTAEKVEKQLDLVVNSKKSHAANYRIDGYEVEGKTGTAQVAAPNGGGYVKGPNPYFVSFMGDAPKKNPKVIVYAGMSLAQKNDQEAYELGVSKAFKPIMENTLKYLNVGKSKDDTSNAEYSKVPDVEGQDKQKAIDNVSAKSLEPVTIGSGTQIKAQSIKAGNKVLPHSKVLLLTDGDLTMPDMSGWTKEDVIAFENLTNIKVNLKGSGFVSHQSISKGQKLTEKDKIDVEFSSENVDSNSTNNSDSNSDDKKKSDSKTDKDKSD	MAKQKIKIKKNKIGAVLLVGLFGLLFFILVLRISYIMITGHSNGQDLVMKANEKYLVKNAQQPERGKIYDRNGKVLAEDVERYKLVAVIDKKASANSKKPRHVVDKKETAKKLSTVINMKPEEIEKRLSQKKAFQIEFGRKGTNLTYQDKLKIEKMNLPGISLLPETERFYPNGNFASHLIGRAQKNPDTGELKGALGVEKIFDSYLSGSKGSLRYIHDIWGYIAPNTKKEKQPKRGDDVHLTIDSNIQVFVEEALDGMVERYQPKDLFAVVMDAKTGEILAYSQRPTFNPETGKDFGKKWANDLYQNTYEPGSTFKSYGLAAAIQEGAFDPDKKYKSGHRDIMGSRISDWNRVGWGEIPMSLGFTYSSNTLMMHLQDLVGADKMKSWYERFGFGKSTKGMFDGEAPGQIGWSNELQQKTSSFGQSTTVTPVQMLQAQSAFFNDGNMLKPWFVNSVENPVSKRQFYKGQKQIAGKPITKDTAEKVEKQLDLVVNSKKSYAANYRIDGYEVEGKTGTAQVAAPNGGGYVKGPNPYFVSFMGDAPKKNPKVIVYAGMSLAQKNDQEAYELGVGKAFKPIMENTLKYLNVGKSKDDTSNAEYSKVPDVEGQDKQKAIDNVSAKSLEPVTIGSGTQIKAQSIKAGNKVLPHSKVLLLTDGDLTMPDMSGWTKEDVIAFENLTNIKVNLKGSGFVSHQSISKGQKLTEKDKIDVEFSSENVDSNSTNNSDSNSDDKKKSDSKTDKDKSD
ASD49649.1	ASD49629.1	100	1	744	99.462	0.0	MAKQKIKIKKNKIGAVLLVGLFGLLFFILVLRISYIMITGHSNGQDLVMKANEKYLVKNAQQPERGKIYDRNGKVLAEDVERYKLVAVIDKKASANSKKPRHVVDKKETAKKLSTVIDMKPEEIEKRLSQKKAFQIEFGRKGTNLTYQDKLKIEKMNLPGISLLPETERFYPNGNFASHLIGRAQKNPDTGELKGALGVEKIFDSYLSGSKGSLRYIHDIWGYIAPNTKKEKQPKRGDDVHLTIDSNIQVFVEEALDGMVERYQPKDLFAVVMDAKTGEILAYSQRPTFNPETGKDFGKKWANDLYQNTYEPGSTFKSYGLAAAIQEGAFDPDKKYKSGHRDIMGSRISDWNRVGWGEIPMSLGFTYSSNTLMMHLQDLVGADKMKSWYERFGFGKSTKGMFDGEAPGQIGWSNELQQKTSSFGQSTTVTPVQMLQAQSAFFNDGNMLKPWFVNSVENPVSKRQFYKGQKQIAGKPITKDTAEKVEKQLDLVVNSKKSHAANYRIDGYEVEGKTGTAQVAAPNGGGYVKGPNPYFVSFMGDAPKKNPKVIVYAGMSLAQKNDQEAYELGVSKAFKPIMENTLKYLNVGKSKDDTSNAEYSKVPDVEGQDKQKAIDNVSAKSLEPVTIGSGTQIKAQSIKAGNKVLPHSKVLLLTDGDLTMPDMSGWTKEDVIAFENLTNIKVNLKGSGFVSHQSISKGQKLTEKDKIDVEFSSENVDSNSTNNSDSNSDDKKKSDSKTDKDKSD	MAKQKIKIKKNKIGAVLLVGLFGLLFFILVLRISYIMIIGHSNGQDLVMKANEKYLVKNAQQPERGKIYDRNGKVLAEDVERYKLVAVIDKKASANSKKPRHVVDKKETAKKLSTVIDMKPEEIEKRLSQKKAFQIEFGRKGTNLTYQDKLKIEKMNLPGISLLPETERFYPNGNFASHLIGRAQKNPDTGELKGALGVEKIFDSYLSGSKGSLRYIHDIWGYIAPNTKKEKQPKRGDDVHLTIDSNIQVFVEEALDGMVERYQPKDLFAVVMDAKTGEILAYSQRPTFNPETGKDFGKKWANDLYQNTYEPGSTFKSYGLAAAIQEGAFDPDKKCKSGHRDIMGSRISDWNRVGWGEIPMSLGFTYSSNILMMHLQDLVGADKMKSWYERFGFGKSTKGMFDGEAPGQIGWSNELQQKTSSFGQSTTVTPVQMLQAQSAFFNDGNMLKPWFVNSVENPVSKRQFYKGQKQIAGKPITKDTAEKVEKQLDLVVNSKKSYAANYRIDGYEVEGKTGTAQVAAPNGGGYVKGPNPYFVSFMGDAPKKNPKVIVYAGMSLAQKNDQEAYELGVSKAFKPIMENTLKYLNVGKSKDDTSNAEYSKVPDVEGQDKQKAIDNVSAKSLEPVTIGSGTQIKAQSIKAGNKVLPHSKVLLLTDGDLTMPDMSGWTKEDVIAFENLTNIKVNLKGSGFVSHQSISKGQKLTEKDKIDVEFSSENVDSNSTNNSDSNSDDKKKSDSKTDKDKSD
ASD49649.1	sp|P39793.1|PBPA_BACSU	37	240	516	25.175	1.80e-09	VHLTIDSNIQVFVEEALDG-MVERYQPKDLFAVVMDAKTGEILAYSQRPTFNPETGKDFGKKWANDLYQNTYEPGSTFKSYGLAAAIQEGAFDPDKKYK-------SGHRDIMGSRISDWNRVGWGEIPMSLGFTYSSNTLMMHLQDLVGADKMKSWYERFGFGKSTKGMFDGEAPGQIGWSNELQQKTSSFGQSTTVTPVQMLQAQSAFFNDGNMLKPWFVNSVE-NPVSKRQFYKGQKQIAGKPITKDTAEKVEKQLDLVVNSKKSHAANYRIDGYEVEGKTGT	IYTTLDTKAQDKLDELMDGDTVGFTEGMQGGVTLLDTKNGEVRAIG--------AGRNQPVGGFNYATQTKAQPGSTIKPI-----LDYGPVIENKKWSTYEQIDDSAYTYSNGKPIRDWDRKYLGPISMRYALAQSRNIPALKAFQAVGKDTAVDFANGLGLGLTKDNVTEAYSIG-------------GFGGNDGVSPLTMAGAYSAFGNNGTYNEPHFVKSIEFNDGTKLDLTPKSKSA----MSDYTAFMITDMLKTAVKTGTGQLA--QVPGVEVAGKTGT
ASD49649.1	AAK17126.1	33	271	517	23.735	1.32e-07	VVMDAKTGEILAYS-----QRPTFNPETG--KDFGKKWANDLYQNTYEPG--STFKSYGLAAAIQEGAFDPDKKYKSGHRDIMGSRISDWNRVGWGEIPMSLGFTYSSNTLMMHLQDLVGADKMKSWYERFGFGKSTKGMFDGEAPGQIGWSNELQQKTSSFGQSTTVTPVQMLQAQSAFFNDGNMLKPWFVNSVENPVSKRQFYKGQKQIAGKPITKDTAEKVEKQLDLVVNSKKSHAANY-RIDGYEVEGKTGTA	IVTDTSTGKILALVGGIDYKKSAFNRATQAKRQFGSAIKPFVYQIAFDNGYSTTSKIPDTARNFENGNYSKNSKQNHAWHP------SNYSRKFLGLVTLQEALSHSLNLATINLSDQLGFEKIYQSLSDMGFKNLPK---------------DLSIVLGSFA----ISPIEAAEKYSLFSNYGTMLKPMLIESITN---QQNDVKTFTPMETKKIT--SKEQAFLTISVLMNAVENGTGSLAHIKGLEVAGKTGTS
ASD49649.1	AGN29044.1	23	349	517	25.294	5.47e-07	SDWNRVGWGEIPMSLGFTYSSNTLMMHLQDLVGADKMKSWYERFGFGKSTKGMFDGEAPGQIGWSNELQQKTSSFGQSTTVTPVQMLQAQSAFFNDGNMLKPWFVNSVENPVSKRQFYKGQKQIAGKPITKDTAEKVEKQLDLVVNSKKSHAANY-RIDGYEVEGKTGTA	SNYSRKFLGLVTLQEALSHSLNLATINLSDQLGFEKIYQSLSDMGFKNLPK---------------DLSIVLGSFA----ISPIEAAEKYSLFSNYGTMLKPMLIESITN---QQNDVKTFTPIETKKIT--SKEQAFLTLSVLMNAVENGTGRLARIKGLEIAGKTGTS
ASD49649.1	AGN29046.1	12	426	517	29.032	4.89e-06	STTVTPVQMLQAQSAFFNDGNMLKPWFVNSVENPVSKRQFYKGQKQIAGKPITKDTAEKVEKQLDLVVNSKKSHAANY-RIDGYEVEGKTGTA	SFAISPIDAAEKYSVFCNYGTMLKPMLIESITN---QQNDVKAFTPMETKKIT--SKEQAFLTLSVLMNAVENGTGRLARIKGLEIAGKSGTS
ASD49649.1	AGN29047.1	12	426	517	27.957	2.48e-05	STTVTPVQMLQAQSAFFNDGNMLKPWFVNSVENPVSKRQFYKGQKQIAGKPITKDTAEKVEKQLDLVVNSKKSHAANY-RIDGYEVEGKTGTA	SFAISPIDAAEKYSLFSNYGSMLKPMLIESITDQQNEVKTFTPMET---KKIT--SKEQAFLTLSVLMNAVENGTGHLARIKGLEIAGKTGTS
ASD49649.1	AGN29048.1	15	349	458	23.636	5.00e-04	SDWNRVGWGEIPMSLGFTYSSNTLMMHLQDLVGADKMKSWYERFGFGKSTKGMFDGEAPGQIGWSNELQQKTSSFGQSTTVTPVQMLQAQSAFFNDGNMLKPWFVNSVEN	SNYSRKFLGLVTLQEALSHSLNLATINLSDQLGFEKIYQSLSDMGFKNLPK---------------DLSIVLGSFA----ISPIEAAEKYSLFSNYGTMLKPMLIESITN
