qseqid	record_name	sseqid	gene	locus_tag	EC_number	product	db_xref	qcovs	qstart	qend	pident	evalue	domains	sseq	qseq
ASD49649.1	NC_003197	NP_460867.1		STM1910		penicillin-binding protein 2	GeneID:1253431	78	2	585	23.195	5.28e-29	"'TYR_PHOSPHO_SITE_2' 'TYR_PHOSPHO_SITE_1' 'PKC_PHOSPHO_SITE' 'MYRISTYL'
 'CK2_PHOSPHO_SITE' 'ASN_GLYCOSYLATION'"	MTFKDFDAEEKLFLRRVIVAFGVVVVCFGILIFNLYNLQIRQHHYYTTRSNENDIKMLPVAPTRGIIYDRNGIPLVRNVTWYDIAVTPYKIADMDALLKQLTPIVDLSPDDISDFRRALKSSSRYRPVVLKNALTDVEIARFAVNQFHFNGVTINSYQDRQYPYGAELAHVLGYVSKINDNDLKALDKKGLAENYAADHNIGKQGIERYYENDLHGKTGYQEVEVDNHGRIVRLLKDVPPIAGKNIHLTLDLHLQEYIESLLAGQRAAVLVEDPHDGSVLAMVSMPSYDPNPFVKGISYQDYGKLLHDKNLPLINRVTQGLYPPASTVKPYMAMSALLCGIITPQTTFFGAPTWTLPGTQRHYRDWKKTGHGMLDVTKAIEESADTFFYQVAYMMGIDRIDTMLSQFGYGKPTGIDLNEEYDGLLPSRAWKQRVHKKAWYQGDTISVGIGQGYWIATPIQMVKAMVALINNGKVIAPHLLLNEESGKTVVPYRPSGTPAQIADPASPYWGLVRQAMYGMANAPNGTGYKFFHTAPYGIAAKSGTSQVFSLKENQTYNAKMIPIRLRDHVFYTAFAPYKNPKVAIALILENGGSDGVTAAPIMRKILDHLFDPQADTTQPDQAP	MAKQKIKIKKNKIGAVLLVGLFGLLFFILVLRISYIMITGHSNGQDLVMKANEKYLVKNAQQPERGKIYDRNGKVLAEDVERYKLVAVIDKKASANSKKPRHVVDKKETAKKLSTVIDMKPEEIEKRLSQKKAFQIEFGRKGTNLTYQDKLKIEKMNLPGISLLPETERFYPNGNFASHLIGRAQKNPDTGELKGALGVEKIFDSYLSGSKGSLRYIHDIWGYIAPNTKKEKQPKRGDDVHLTIDSNIQVFVEEALDGMVERYQPKDLFAVVMDAKTGEILAYSQRPTFNPETGKDFGKKWANDLYQNTYEPGSTFKSYGLAAAIQEGAFDPDKKYKSGHRDIMGSRISDWNRVGWGEIPMSLGFTYSSNTLMMHLQDLVGADKMKSWYERFGFGKSTKGMFDGEAPGQIGWSNELQQKTSSFGQSTTVTPVQMLQAQSAFFNDGNMLKPWFVNSVENPVSKRQFYKGQKQIAGKPITKDTAEKVEKQLDLVVNSKKSHAANYRIDGYEVEGKTGTAQVAAPNGGGYVKGPNPYFVSFMGDAPKKNPKVIVYAGMSLAQKNDQEAYELGVSKAFKPIMENTLKYLNVGKSKDDTSNAEYSKVPDVEGQDKQKAIDNVSAKSLEPVTIGSGTQIKAQSIKAGNKVLPHSKVLLLTDGDLTMPDMSGWTKEDVIAFENLTNIKVNLKGSGFVSHQSISKGQKLTEKDKIDVEFSSENVDSNSTNNSDSNSDDKKKSDSKTDKDKSD
ASD49649.1	NC_003197	NP_460792.1		STM1836		peptidoglycan synthase	GeneID:1253355	77	17	587	28.331	2.32e-43	"'TYR_PHOSPHO_SITE_2' 'TYR_PHOSPHO_SITE_1' 'PKC_PHOSPHO_SITE' 'MYRISTYL'
 'CK2_PHOSPHO_SITE' 'CAMP_PHOSPHO_SITE' 'ASN_GLYCOSYLATION'"	MKKKSDGDTRNFTPIRFALLCTAILLSMALLLGRVAWLQIVTPSKLVKQEDMRSLREVTTASPRGMITDREGRPLAVSVPVNAVWADPKTIISKGGVGYNERWQALASALHLSLSTLAERVNSNPAGRFIYLARQVSPQQAEWIDKLNLPGINLREESRRFYPAGHVAANLIGFTNIDGQGIEGIEKSFNAQLTGKPGSRLVRKDKFGHVIENITEVNPVPAHELQLSIDERLQTVTEDALDNAVIWNKAESGAAVLINIPTGEILSMASYPDFNPNNREGAQLDDFRNRAISDTFEPGSTVKPLVIMTALQQGIVQPDSVIDTHPFTLDGHRIRDVGYYPELTLTGILQKSSDTGVSHLSLAMPVQKLMDTYKSFGFGVPTGLGLTGESSGLLPKRRYWSDLDRATFAFGYGLMVTPLQLAHVYATIGSFGIYRPLSITKVDPPVIGTRVMPEELVHEVEHMMESVALPGGGGTKAAVRDYRIAVKTGTAKKIGDDGKYVDKYVAYTAGVAPASNPRFALVVVINNPQNGAYYGGAVSAPVFSQIMGDVLRLENVEPDGMPADSDHLLVMHGSHVAVPGS	MAKQKIKIKKNKIGAVLLVGLFGLLFFILVLRISYIMITGHSNGQDLVMKANEKYLVKNAQQPERGKIYDRNGKVLAEDVERYKLVAVIDKKASANSKKPRHVVDKKETAKKLSTVIDMKPEEIEKRLSQKKAFQIEFGRKGTNLTYQDKLKIEKMNLPGISLLPETERFYPNGNFASHLIGRAQKNPDTGELKGALGVEKIFDSYLSGSKGSLRYIHDIWGYIAPNTKKEKQPKRGDDVHLTIDSNIQVFVEEALDGMVERYQPKDLFAVVMDAKTGEILAYSQRPTFNPETGKDFGKKWANDLYQNTYEPGSTFKSYGLAAAIQEGAFDPDKKYKSGHRDIMGSRISDWNRVGWGEIPMSLGFTYSSNTLMMHLQDLVGADKMKSWYERFGFGKSTKGMFDGEAPGQIGWSNELQQKTSSFGQSTTVTPVQMLQAQSAFFNDGNMLKPWFVNSVENPVSKRQFYKGQKQIAGKPITKDTAEKVEKQLDLVVNSKKSHAANYRIDGYEVEGKTGTAQVAAPNGGGYVKGPNPYFVSFMGDAPKKNPKVIVYAGMSLAQKNDQEAYELGVSKAFKPIMENTLKYLNVGKSKDDTSNAEYSKVPDVEGQDKQKAIDNVSAKSLEPVTIGSGTQIKAQSIKAGNKVLPHSKVLLLTDGDLTMPDMSGWTKEDVIAFENLTNIKVNLKGSGFVSHQSISKGQKLTEKDKIDVEFSSENVDSNSTNNSDSNSDDKKKSDSKTDKDKSD
ASD49649.1	NC_003197	NP_459127.1	ftsI	STM0122		peptidoglycan glycosyltransferase FtsI	GeneID:1251640	77	17	587	26.838	5.12e-40	"'TYR_PHOSPHO_SITE_2' 'PKC_PHOSPHO_SITE' 'MYRISTYL' 'CK2_PHOSPHO_SITE'
 'ASN_GLYCOSYLATION'"	MKAAAKTQKSKRQEEQTNFISWRFALLCGCILLALVFLLGRAAWLQIIAPDMLVRQGDMRSLRVQEVSTSRGMITDRSGRPLAVSVPVKAIWADPKEVHDAGGISVGDRWKALSTALNIPLDQLSARINANPKGRFIYLARQVNPDMADYIKKLKLPGIHLREESRRYYPSGEVTAHLIGFTNVDSQGIEGVEKSFDKWLTGQPGERIVRKDRYGRVIEDISSTDSQAAHNLALSIDERLQALVYRELNNAVAFNKAESGSAVLVDVNTGEVLAMANSPSYNPNNLAGTPKDAMRNRTITDVFEPGSTVKPMVVMTALQRGIVNENTVLNTVPYRINGHEIKDVARYSELTLTGVLQKSSNVGVSKLALAMPSSALVDTYSRFGLGKATNLGLVGERSGLYPQKQRWSDIERATFSFGYGLMVTPLQLARVYATIGSYGIYRPLSITKVDPPVPGERIFPESTVRTVVHMMESVALPGGGGVKAAIKGYRIAIKTGTAKKVGPDGRYINKYIAYTAGVAPASQPRFALVVVINDPQAGKYYGGAVSAPVFGAIMGGVLRTMNIEPDALATGEKNEFVINQGEGTGGRS	MAKQKIKIKKNKIGAVLLVGLFGLLFFILVLRISYIMITGHSNGQDLVMKANEKYLVKNAQQPERGKIYDRNGKVLAEDVERYKLVAVIDKKASANSKKPRHVVDKKETAKKLSTVIDMKPEEIEKRLSQKKAFQIEFGRKGTNLTYQDKLKIEKMNLPGISLLPETERFYPNGNFASHLIGRAQKNPDTGELKGALGVEKIFDSYLSGSKGSLRYIHDIWGYIAPNTKKEKQPKRGDDVHLTIDSNIQVFVEEALDGMVERYQPKDLFAVVMDAKTGEILAYSQRPTFNPETGKDFGKKWANDLYQNTYEPGSTFKSYGLAAAIQEGAFDPDKKYKSGHRDIMGSRISDWNRVGWGEIPMSLGFTYSSNTLMMHLQDLVGADKMKSWYERFGFGKSTKGMFDGEAPGQIGWSNELQQKTSSFGQSTTVTPVQMLQAQSAFFNDGNMLKPWFVNSVENPVSKRQFYKGQKQIAGKPITKDTAEKVEKQLDLVVNSKKSHAANYRIDGYEVEGKTGTAQVAAPNGGGYVKGPNPYFVSFMGDAPKKNPKVIVYAGMSLAQKNDQEAYELGVSKAFKPIMENTLKYLNVGKSKDDTSNAEYSKVPDVEGQDKQKAIDNVSAKSLEPVTIGSGTQIKAQSIKAGNKVLPHSKVLLLTDGDLTMPDMSGWTKEDVIAFENLTNIKVNLKGSGFVSHQSISKGQKLTEKDKIDVEFSSENVDSNSTNNSDSNSDDKKKSDSKTDKDKSD
ASD49649.1	NC_000913	NP_414626.1	ftsI	b0084		peptidoglycan DD-transpeptidase FtsI	UniProtKB/Swiss-Prot:P0AD68', 'ASAP:ABE-0000309', 'ECOCYC:EG10341', 'EcoGene:EG10341', 'GeneID:944799	77	17	587	26.072	1.1999999999999993e-38	"'TYR_PHOSPHO_SITE_2' 'PKC_PHOSPHO_SITE' 'MYRISTYL' 'CK2_PHOSPHO_SITE'
 'ASN_GLYCOSYLATION'"	MKAAAKTQKPKRQEEHANFISWRFALLCGCILLALAFLLGRVAWLQVISPDMLVKEGDMRSLRVQQVSTSRGMITDRSGRPLAVSVPVKAIWADPKEVHDAGGISVGDRWKALANALNIPLDQLSARINANPKGRFIYLARQVNPDMADYIKKLKLPGIHLREESRRYYPSGEVTAHLIGFTNVDSQGIEGVEKSFDKWLTGQPGERIVRKDRYGRVIEDISSTDSQAAHNLALSIDERLQALVYRELNNAVAFNKAESGSAVLVDVNTGEVLAMANSPSYNPNNLSGTPKEAMRNRTITDVFEPGSTVKPMVVMTALQRGVVRENSVLNTIPYRINGHEIKDVARYSELTLTGVLQKSSNVGVSKLALAMPSSALVDTYSRFGLGKATNLGLVGERSGLYPQKQRWSDIERATFSFGYGLMVTPLQLARVYATIGSYGIYRPLSITKVDPPVPGERVFPESIVRTVVHMMESVALPGGGGVKAAIKGYRIAIKTGTAKKVGPDGRYINKYIAYTAGVAPASQPRFALVVVINDPQAGKYYGGAVSAPVFGAIMGGVLRTMNIEPDALTTGDKNEFVINQGEGTGGRS	MAKQKIKIKKNKIGAVLLVGLFGLLFFILVLRISYIMITGHSNGQDLVMKANEKYLVKNAQQPERGKIYDRNGKVLAEDVERYKLVAVIDKKASANSKKPRHVVDKKETAKKLSTVIDMKPEEIEKRLSQKKAFQIEFGRKGTNLTYQDKLKIEKMNLPGISLLPETERFYPNGNFASHLIGRAQKNPDTGELKGALGVEKIFDSYLSGSKGSLRYIHDIWGYIAPNTKKEKQPKRGDDVHLTIDSNIQVFVEEALDGMVERYQPKDLFAVVMDAKTGEILAYSQRPTFNPETGKDFGKKWANDLYQNTYEPGSTFKSYGLAAAIQEGAFDPDKKYKSGHRDIMGSRISDWNRVGWGEIPMSLGFTYSSNTLMMHLQDLVGADKMKSWYERFGFGKSTKGMFDGEAPGQIGWSNELQQKTSSFGQSTTVTPVQMLQAQSAFFNDGNMLKPWFVNSVENPVSKRQFYKGQKQIAGKPITKDTAEKVEKQLDLVVNSKKSHAANYRIDGYEVEGKTGTAQVAAPNGGGYVKGPNPYFVSFMGDAPKKNPKVIVYAGMSLAQKNDQEAYELGVSKAFKPIMENTLKYLNVGKSKDDTSNAEYSKVPDVEGQDKQKAIDNVSAKSLEPVTIGSGTQIKAQSIKAGNKVLPHSKVLLLTDGDLTMPDMSGWTKEDVIAFENLTNIKVNLKGSGFVSHQSISKGQKLTEKDKIDVEFSSENVDSNSTNNSDSNSDDKKKSDSKTDKDKSD
ASD49649.1	NC_021149	WP_012699965.1		AVCA_RS05965		penicillin-binding protein 2		76	21	587	25.0	1.0299999999999999e-40	"'TYR_PHOSPHO_SITE_2' 'PKC_PHOSPHO_SITE' 'MYRISTYL' 'LEUCINE_ZIPPER'
 'CK2_PHOSPHO_SITE' 'CAMP_PHOSPHO_SITE' 'ATP_GTP_A' 'AMIDATION'"	MMKLEGALYPWRFRLVLILLALMVATIAWRIVDLHIFDHDFLKGQGDARSMRHIPIPAHRGLITDRNGEPLAVSTPVTTLWANPKELAGARDQWATLAKALGQDEKALTERLEQLAGREFAYLVRGLTPEQGQAVLDLKIPGVYALEEFRRFYPAGEVTAHVLGFTDIDDHGREGMELAFDEWLAGVPGKRQVLKDRRGRLIRDVQVVQNAKAGKTLALSIDLRLQYLAHRELRNAITEVGAKAGTLVMIDVKTGEVLAMVNQPTYNPNNKRNLNPAAMRNRALVDVFEPGSTMKPLSMSAALETGRWKPSDRVEVAPGRLQIGRYTIRDVSHAEGGVLDLTGILIKSSNVGMSKVAFDIGGASIHSLMQRVGFGQDTGLSFPGEQVGNLPSHREWRKAETATLSYGYGLSVTAVQLAHAYATLANDGRSLPLALARQEQAPEGVQVISPNVAKTMQGMLQQVVEAPGGVFRAKVPGYHVAGKSGTARKASVGAKGYKEKSYRSLFAGFAPTSAPRIAMAVVIDEPSNGAYFGGLVSAPVFGRVMAGALRLMNVAPDNLPPPAETKTVNKDASGKGERI	MAKQKIKIKKNKIGAVLLVGLFGLLFFILVLRISYIMITGHSNGQDLVMKANEKYLVKNAQQPERGKIYDRNGKVLAEDVERYKLVAVIDKKASANSKKPRHVVDKKETAKKLSTVIDMKPEEIEKRLSQKKAFQIEFGRKGTNLTYQDKLKIEKMNLPGISLLPETERFYPNGNFASHLIGRAQKNPDTGELKGALGVEKIFDSYLSGSKGSLRYIHDIWGYIAPNTKKEKQPKRGDDVHLTIDSNIQVFVEEALDGMVERYQPKDLFAVVMDAKTGEILAYSQRPTFNPETGKDFGKKWANDLYQNTYEPGSTFKSYGLAAAIQEGAFDPDKKYKSGHRDIMGSRISDWNRVGWGEIPMSLGFTYSSNTLMMHLQDLVGADKMKSWYERFGFGKSTKGMFDGEAPGQIGWSNELQQKTSSFGQSTTVTPVQMLQAQSAFFNDGNMLKPWFVNSVENPVSKRQFYKGQKQIAGKPITKDTAEKVEKQLDLVVNSKKSHAANYRIDGYEVEGKTGTAQVAAPNGGGYVKGPNPYFVSFMGDAPKKNPKVIVYAGMSLAQKNDQEAYELGVSKAFKPIMENTLKYLNVGKSKDDTSNAEYSKVPDVEGQDKQKAIDNVSAKSLEPVTIGSGTQIKAQSIKAGNKVLPHSKVLLLTDGDLTMPDMSGWTKEDVIAFENLTNIKVNLKGSGFVSHQSISKGQKLTEKDKIDVEFSSENVDSNSTNNSDSNSDDKKKSDSKTDKDKSD
ASD49649.1	NC_000913	NP_415168.1	mrdA	b0635		peptidoglycan DD-transpeptidase MrdA	UniProtKB/Swiss-Prot:P0AD65', 'ASAP:ABE-0002178', 'ECOCYC:EG10606', 'EcoGene:EG10606', 'GeneID:945240	67	23	519	24.682	6.96e-30	"'TYR_PHOSPHO_SITE_2' 'PKC_PHOSPHO_SITE' 'MYRISTYL' 'CK2_PHOSPHO_SITE'
 'ASN_GLYCOSYLATION'"	MKLQNSFRDYTAESALFVRRALVAFLGILLLTGVLIANLYNLQIVRFTDYQTRSNENRIKLVPIAPSRGIIYDRNGIPLALNRTIYQIEMMPEKVDNVQQTLDALRSVVDLTDDDIAAFRKERARSHRFTSIPVKTNLTEVQVARFAVNQYRFPGVEVKGYKRRYYPYGSALTHVIGYVSKINDKDVERLNNDGKLANYAATHDIGKLGIERYYEDVLHGQTGYEEVEVNNRGRVIRQLKEVPPQAGHDIYLTLDLKLQQYIETLLAGSRAAVVVTDPRTGGVLALVSTPSYDPNLFVDGISSKDYSALLNDPNTPLVNRATQGVYPPASTVKPYVAVSALSAGVITRNTTLFDPGWWQLPGSEKRYRDWKKWGHGRLNVTRSLEESADTFFYQVAYDMGIDRLSEWMGKFGYGHYTGIDLAEERSGNMPTREWKQKRFKKPWYQGDTIPVGIGQGYWTATPIQMSKALMILINDGIVKVPHLLMSTAEDGKQVPWVQPHEPPVGDIHSGYWELAKDGMYGVANRPNGTAHKYFASAPYKIAAKSGTAQVFGLKANETYNAHKIAERLRDHKLMTAFAPYNNPQVAVAMILENGGAGPAVGTLMRQILDHIMLGDNNTDLPAENPAVAAAEDH	MAKQKIKIKKNKIGAVLLVGLFGLLFFILVLRISYIMITGHSNGQDLVMKANEKYLVKNAQQPERGKIYDRNGKVLAEDVERYKLVAVIDKKASANSKKPRHVVDKKETAKKLSTVIDMKPEEIEKRLSQKKAFQIEFGRKGTNLTYQDKLKIEKMNLPGISLLPETERFYPNGNFASHLIGRAQKNPDTGELKGALGVEKIFDSYLSGSKGSLRYIHDIWGYIAPNTKKEKQPKRGDDVHLTIDSNIQVFVEEALDGMVERYQPKDLFAVVMDAKTGEILAYSQRPTFNPETGKDFGKKWANDLYQNTYEPGSTFKSYGLAAAIQEGAFDPDKKYKSGHRDIMGSRISDWNRVGWGEIPMSLGFTYSSNTLMMHLQDLVGADKMKSWYERFGFGKSTKGMFDGEAPGQIGWSNELQQKTSSFGQSTTVTPVQMLQAQSAFFNDGNMLKPWFVNSVENPVSKRQFYKGQKQIAGKPITKDTAEKVEKQLDLVVNSKKSHAANYRIDGYEVEGKTGTAQVAAPNGGGYVKGPNPYFVSFMGDAPKKNPKVIVYAGMSLAQKNDQEAYELGVSKAFKPIMENTLKYLNVGKSKDDTSNAEYSKVPDVEGQDKQKAIDNVSAKSLEPVTIGSGTQIKAQSIKAGNKVLPHSKVLLLTDGDLTMPDMSGWTKEDVIAFENLTNIKVNLKGSGFVSHQSISKGQKLTEKDKIDVEFSSENVDSNSTNNSDSNSDDKKKSDSKTDKDKSD
ASD49649.1	NC_003197	NP_459632.1	mrdA	STM0640		penicillin-binding protein 2	GeneID:1252160	67	23	519	24.373	1.05e-28	"'TYR_PHOSPHO_SITE_2' 'PKC_PHOSPHO_SITE' 'MYRISTYL' 'CK2_PHOSPHO_SITE'
 'ASN_GLYCOSYLATION'"	MKRQNSFRDYTAESALFVRRALVAFLGILLLTGVLIANLYNLQILRFTDYQTRSNENRIKLVPIAPSRGIIYDRNGIPLALNRTIYQIEMMPEKVDNVQQTLDALRSVVDLNDDDIAAFKKERARSHRFTSIPVKTNLTEVQVARFAVNQYRFPGVEVKGYKRRYYPYGSALTHVIGYVSKINDKDVERLDRENKLANYAATHDIGKLGIERYYEDILHGQTGYEEVEVNNRGRVIRQLKEVPPQAGHDIYLTLDLKLQQYIETLLAGSRAAVIVTDPRTGGVLSLVSMPSYDPNLFVDGISSKDYSGLLNDPNTPLVNRATQGVYPPASTVKPYVAVSALSAGVITRNTSLFDPGWWQLPGSEKRYRDWKKWGHGHLNITKSLEESADTFFYQVAYDMGIDRLSEWMGKFGYGHYTGIDLAEERSGNMPTREWKQKRFKKPWYQGDTIPVGIGQGYWTATPIQMSKALMILINDGVVKVPHLLMSTAENGKQVPWVQPHEPPVGDIHSGYWEIAKDGMYGVANRPNGTAHKYFASAPYKIAAKSGTAQVFGLKANETYNAHKIAERLRDHKLMTAFAPYNNPQVAVAIILENGGAGPAVGTIMRQILDHIMLGDNNTHLPAENPVVAAAEDQ	MAKQKIKIKKNKIGAVLLVGLFGLLFFILVLRISYIMITGHSNGQDLVMKANEKYLVKNAQQPERGKIYDRNGKVLAEDVERYKLVAVIDKKASANSKKPRHVVDKKETAKKLSTVIDMKPEEIEKRLSQKKAFQIEFGRKGTNLTYQDKLKIEKMNLPGISLLPETERFYPNGNFASHLIGRAQKNPDTGELKGALGVEKIFDSYLSGSKGSLRYIHDIWGYIAPNTKKEKQPKRGDDVHLTIDSNIQVFVEEALDGMVERYQPKDLFAVVMDAKTGEILAYSQRPTFNPETGKDFGKKWANDLYQNTYEPGSTFKSYGLAAAIQEGAFDPDKKYKSGHRDIMGSRISDWNRVGWGEIPMSLGFTYSSNTLMMHLQDLVGADKMKSWYERFGFGKSTKGMFDGEAPGQIGWSNELQQKTSSFGQSTTVTPVQMLQAQSAFFNDGNMLKPWFVNSVENPVSKRQFYKGQKQIAGKPITKDTAEKVEKQLDLVVNSKKSHAANYRIDGYEVEGKTGTAQVAAPNGGGYVKGPNPYFVSFMGDAPKKNPKVIVYAGMSLAQKNDQEAYELGVSKAFKPIMENTLKYLNVGKSKDDTSNAEYSKVPDVEGQDKQKAIDNVSAKSLEPVTIGSGTQIKAQSIKAGNKVLPHSKVLLLTDGDLTMPDMSGWTKEDVIAFENLTNIKVNLKGSGFVSHQSISKGQKLTEKDKIDVEFSSENVDSNSTNNSDSNSDDKKKSDSKTDKDKSD
ASD49649.1	NC_021149	WP_012699509.1	mrdA	AVCA_RS03840	3.4.16.4	penicillin-binding protein 2		66	63	551	23.818	8.63e-22	"'TYR_PHOSPHO_SITE_2' 'TYR_PHOSPHO_SITE_1' 'PKC_PHOSPHO_SITE' 'MYRISTYL'
 'CK2_PHOSPHO_SITE' 'CAMP_PHOSPHO_SITE' 'ATP_GTP_A' 'ASN_GLYCOSYLATION'
 'AMIDATION'"	MPEPIRLKDHEKDARLVRARAVVGATAIVLLSLVLVVRLYYLQVVQYQHHSTLAENNRIHVQPIPPNRGLIFDRNGVILADNRPSFSLTVTRERAGDWQKVLDTIVEVLELGPEERALFEKRVRQGRRPFEPVPVLFELSEEQIARVAVNQFLLPGVEVAAQLVRHYPQGEHFAHSVGYVGRINERELKKLDPVDYSGTHHIGKTGVELFYEDLLHGQVGYEEVETNARGRVLRVLKHTAPVPGKDLTLTLDLNLQKAAEAALGDRRGAVIAIDPATGGVLAMVSQPSFNPNLFVTGISVKDYAALRDSIDRPLYNRVLRGIYPPGSTIKPMVALAGLDSGVVERGTRVFDPGFFQLPNVSHKYRNWNRGGDGWVNMEAAITRSNDTYFYSLAHRMGIDRLHRYLSQFGIGQRVSLDMFEEASGLMPSREWKRVSRRQAWYPGETLITGIGQGYMLATPLQLAQATALLANKGKWHRPRLLMQADGLTPEQLVANGLLETRPTPPDIQLREPHNWDLISSDMQQVVHGARGTAHKVGATARYRIAGKSGTAQVVAIRQGERYNRNKLQERHRDHALFIAFAPAENPRIAVAVMVENGESGSGVAAPVAKQVMDAWLLDEKGQLKATAQFAAAPQEGIREQ	MAKQKIKIKKNKIGAVLLVGLFGLLFFILVLRISYIMITGHSNGQDLVMKANEKYLVKNAQQPERGKIYDRNGKVLAEDVERYKLVAVIDKKASANSKKPRHVVDKKETAKKLSTVIDMKPEEIEKRLSQKKAFQIEFGRKGTNLTYQDKLKIEKMNLPGISLLPETERFYPNGNFASHLIGRAQKNPDTGELKGALGVEKIFDSYLSGSKGSLRYIHDIWGYIAPNTKKEKQPKRGDDVHLTIDSNIQVFVEEALDGMVERYQPKDLFAVVMDAKTGEILAYSQRPTFNPETGKDFGKKWANDLYQNTYEPGSTFKSYGLAAAIQEGAFDPDKKYKSGHRDIMGSRISDWNRVGWGEIPMSLGFTYSSNTLMMHLQDLVGADKMKSWYERFGFGKSTKGMFDGEAPGQIGWSNELQQKTSSFGQSTTVTPVQMLQAQSAFFNDGNMLKPWFVNSVENPVSKRQFYKGQKQIAGKPITKDTAEKVEKQLDLVVNSKKSHAANYRIDGYEVEGKTGTAQVAAPNGGGYVKGPNPYFVSFMGDAPKKNPKVIVYAGMSLAQKNDQEAYELGVSKAFKPIMENTLKYLNVGKSKDDTSNAEYSKVPDVEGQDKQKAIDNVSAKSLEPVTIGSGTQIKAQSIKAGNKVLPHSKVLLLTDGDLTMPDMSGWTKEDVIAFENLTNIKVNLKGSGFVSHQSISKGQKLTEKDKIDVEFSSENVDSNSTNNSDSNSDDKKKSDSKTDKDKSD
ASD49649.1	NC_003197	NP_462396.3	mrcA	STM3493		peptidoglycan synthetase	GeneID:1255016	31	227	458	23.456999999999997	3.01e-05	"'PKC_PHOSPHO_SITE' 'MYRISTYL' 'CK2_PHOSPHO_SITE' 'CAMP_PHOSPHO_SITE'
 'ATP_GTP_A' 'ASN_GLYCOSYLATION'"	MTLNGKSPVKFVKYLLILAVCCILLGAGSIYGLYRYIEPQLPDVATLKDVRLQIPMQVYSADGELIAQYGEKRRIPVTLDQIPPEMINAFIATEDSRFYEHHGIDPVGIFRAASVALFSGHASQGASTITQQLARNFFLSPERTLMRKIKEAFLAIRIEQLLNKNEILELYLNKIYLGYRAYGVGAAAQVYFGKTVDQLSLSEMAVIAGLPKAPSTFNPLYSMDRAIARRNVVLSRMLSEGYITQAQYDQARSEPIDANYHAPEIAFSAPYLSEMVRQEMYNRYGESAYEDGYRIYTTITRKVQQAAQQAVRNNVLDYDMRHGYRGPANVLWKVGETAWDSKKITDTLKALPTYGPLLPAVVTSANPQEATAALADGTSVSLHMEGMRWARPYRSDTQQGPTPRKVTDVVQTGQQIWVRQVDNDWWLAQVPEVNSALVSLNPQTGAVLALVGGFDFNQSKFNRATQALRQVGSNIKPFLYTAAMDKGLTLASMLNDVPISRWDAGAGSDWRPKNSPPQYAGPIRLRQGLGQSKNVVMVRAMRAMGVDYAAEYLQRFGFPAQNIVHTESLALGSASFTPMQVARGYAVMANGGFLIDPYFISKIENDQGGVIFEAKPKIACPECDIPVIYGNTQKSDVLENTNVEEVAVSQEQQNSAVPMPELEQANQALVAQNGTQEYAPHVINTPLAFLIKSALNTNIFGEPGWMGTGWRAARDLKRRDIGGKTGTTNSSKDAWFSGYGPGVVTSVWIGFDDHRRDLGRTTASGAIKDQISGYEGGAKSAQPAWDAYMKAVLEGVPEQPLTPPPGIVTVNIDRSTGQLASGGNSREEYFIEGTQPTQQAVHEVGTTIIDNGETHELF	MAKQKIKIKKNKIGAVLLVGLFGLLFFILVLRISYIMITGHSNGQDLVMKANEKYLVKNAQQPERGKIYDRNGKVLAEDVERYKLVAVIDKKASANSKKPRHVVDKKETAKKLSTVIDMKPEEIEKRLSQKKAFQIEFGRKGTNLTYQDKLKIEKMNLPGISLLPETERFYPNGNFASHLIGRAQKNPDTGELKGALGVEKIFDSYLSGSKGSLRYIHDIWGYIAPNTKKEKQPKRGDDVHLTIDSNIQVFVEEALDGMVERYQPKDLFAVVMDAKTGEILAYSQRPTFNPETGKDFGKKWANDLYQNTYEPGSTFKSYGLAAAIQEGAFDPDKKYKSGHRDIMGSRISDWNRVGWGEIPMSLGFTYSSNTLMMHLQDLVGADKMKSWYERFGFGKSTKGMFDGEAPGQIGWSNELQQKTSSFGQSTTVTPVQMLQAQSAFFNDGNMLKPWFVNSVENPVSKRQFYKGQKQIAGKPITKDTAEKVEKQLDLVVNSKKSHAANYRIDGYEVEGKTGTAQVAAPNGGGYVKGPNPYFVSFMGDAPKKNPKVIVYAGMSLAQKNDQEAYELGVSKAFKPIMENTLKYLNVGKSKDDTSNAEYSKVPDVEGQDKQKAIDNVSAKSLEPVTIGSGTQIKAQSIKAGNKVLPHSKVLLLTDGDLTMPDMSGWTKEDVIAFENLTNIKVNLKGSGFVSHQSISKGQKLTEKDKIDVEFSSENVDSNSTNNSDSNSDDKKKSDSKTDKDKSD
ASD49649.1	NC_000913	NP_417855.4	mrcA	b3396	2.4.1.129	peptidoglycan glycosyltransferase/peptidoglycan DD-transpeptidase MrcA	UniProtKB/Swiss-Prot:P02918', 'ASAP:ABE-0011082', 'ECOCYC:EG10748', 'EcoGene:EG10748', 'GeneID:947907	31	227	458	23.456999999999997	6.68e-06	"'PKC_PHOSPHO_SITE' 'MYRISTYL' 'CK2_PHOSPHO_SITE' 'CAMP_PHOSPHO_SITE'
 'ATP_GTP_A' 'ASN_GLYCOSYLATION'"	MKFVKYFLILAVCCILLGAGSIYGLYRYIEPQLPDVATLKDVRLQIPMQIYSADGELIAQYGEKRRIPVTLDQIPPEMVKAFIATEDSRFYEHHGVDPVGIFRAASVALFSGHASQGASTITQQLARNFFLSPERTLMRKIKEVFLAIRIEQLLTKDEILELYLNKIYLGYRAYGVGAAAQVYFGKTVDQLTLNEMAVIAGLPKAPSTFNPLYSMDRAVARRNVVLSRMLDEGYITQQQFDQTRTEAINANYHAPEIAFSAPYLSEMVRQEMYNRYGESAYEDGYRIYTTITRKVQQAAQQAVRNNVLDYDMRHGYRGPANVLWKVGESAWDNNKITDTLKALPTYGPLLPAAVTSANPQQATAMLADGSTVALSMEGVRWARPYRSDTQQGPTPRKVTDVLQTGQQIWVRQVGDAWWLAQVPEVNSALVSINPQNGAVMALVGGFDFNQSKFNRATQALRQVGSNIKPFLYTAAMDKGLTLASMLNDVPISRWDASAGSDWQPKNSPPQYAGPIRLRQGLGQSKNVVMVRAMRAMGVDYAAEYLQRFGFPAQNIVHTESLALGSASFTPMQVARGYAVMANGGFLVDPWFISKIENDQGGVIFEAKPKVACPECDIPVIYGDTQKSNVLENNDVEDVAISREQQNVSVPMPQLEQANQALVAKTGAQEYAPHVINTPLAFLIKSALNTNIFGEPGWQGTGWRAGRDLQRRDIGGKTGTTNSSKDAWFSGYGPGVVTSVWIGFDDHRRNLGHTTASGAIKDQISGYEGGAKSAQPAWDAYMKAVLEGVPEQPLTPPPGIVTVNIDRSTGQLANGGNSREEYFIEGTQPTQQAVHEVGTTIIDNGEAQELF	MAKQKIKIKKNKIGAVLLVGLFGLLFFILVLRISYIMITGHSNGQDLVMKANEKYLVKNAQQPERGKIYDRNGKVLAEDVERYKLVAVIDKKASANSKKPRHVVDKKETAKKLSTVIDMKPEEIEKRLSQKKAFQIEFGRKGTNLTYQDKLKIEKMNLPGISLLPETERFYPNGNFASHLIGRAQKNPDTGELKGALGVEKIFDSYLSGSKGSLRYIHDIWGYIAPNTKKEKQPKRGDDVHLTIDSNIQVFVEEALDGMVERYQPKDLFAVVMDAKTGEILAYSQRPTFNPETGKDFGKKWANDLYQNTYEPGSTFKSYGLAAAIQEGAFDPDKKYKSGHRDIMGSRISDWNRVGWGEIPMSLGFTYSSNTLMMHLQDLVGADKMKSWYERFGFGKSTKGMFDGEAPGQIGWSNELQQKTSSFGQSTTVTPVQMLQAQSAFFNDGNMLKPWFVNSVENPVSKRQFYKGQKQIAGKPITKDTAEKVEKQLDLVVNSKKSHAANYRIDGYEVEGKTGTAQVAAPNGGGYVKGPNPYFVSFMGDAPKKNPKVIVYAGMSLAQKNDQEAYELGVSKAFKPIMENTLKYLNVGKSKDDTSNAEYSKVPDVEGQDKQKAIDNVSAKSLEPVTIGSGTQIKAQSIKAGNKVLPHSKVLLLTDGDLTMPDMSGWTKEDVIAFENLTNIKVNLKGSGFVSHQSISKGQKLTEKDKIDVEFSSENVDSNSTNNSDSNSDDKKKSDSKTDKDKSD
AXQ86806.1	NC_021149	WP_012700096.1		AVCA_RS06635		Na(+)-translocating NADH-quinone reductase subunit C		88	24	262	34.0	5.429999999999999e-41	'PKC_PHOSPHO_SITE' 'MYRISTYL' 'CK2_PHOSPHO_SITE'	MSNQKESTVRTLTVALVVCLVCSVFVAGAAVALKSTQVENKELDKQRSILAIAGLGDADLSGKQVKELYKERIVAKVVDLESGRFSDAQDASTFDPLKAAKDSKLSDALPGEQDIASIKRRERFSTVYLVEKDGRLDTLILPVRGYGLWSTLYGFMALKGDLNTVAGMGFYQHAETPGLGGEVDNPKWKALWPGKTLFDEDGRLAVDIVKGNVDSQNPKAIHQVDGLAGATLTSNGVENLLRFWLGQKGFGPFIANLRNGGA	MIRSGDFFDFHFDRDNNSMRKGKIIVASMMVLCVLIFVAAAAWFMLFQGEMTEPTEEEKQAAILHAAGLMKSETQDKKSVETLYHRYIIQRHVNLDSGELVAGSSADTARQKCEKLAPERDPAQVRQRCTVADVFFVKDKNNEIQQVIIPVTGKGAKSMMHAFLALGLDGRTVRNLYYYQQRETPFLGARVEDANWRKQWPGKRLLDNSGHPALKIVQDKPEHADEYTVDGISGATLTSTGVEKSINYWMGPQGYGQFLQRLASDRNNLNL
Mesorhizobium_sp	NC_003197	NP_459270.1		STM0273		type VI secretion system-associated protein	GeneID:1251791	100	1	163	47.239	4.57e-40	'PKC_PHOSPHO_SITE' 'CK2_PHOSPHO_SITE' 'ASN_GLYCOSYLATION'	MAINNSAQKFIARNRAPRVQIEYDVEIYGSEKKIELPFVMAVLADLAGKPREELPPVTDRKFLDIDIDNFNERMKAIAPRVAFAVPNTLTGEGQLMVDITLENMDDFSPAQIARKVDALNQLLEARTQLANLQTYMDGKAGAENLVNKLLQDPTLLKTLANAPKSAATQQDVSADNESAE	SKAKVIERNRAPRVQIAYDVETYGSPTTIELPFVMGVMADLSGASQTREASKTVLDRSFVETDANRFPKFMEALGPRVKARVKNTLPQAEGQERDEELALDLTFTKMGDFAPDKIAEQVPQLAEILKMRRQLEELLGFMDGRVDAEKRIAQLLNNQPLLGQIA
Mesorhizobium_sp	NC_021149	WP_012701234.1	tssB	AVCA_RS12170		type VI secretion system contractile sheath small subunit		100	1	163	46.012	7.54e-40	'PKC_PHOSPHO_SITE' 'MYRISTYL' 'CK2_PHOSPHO_SITE' 'CAMP_PHOSPHO_SITE'	MADIRKNSPQKDSGQKFVGRNRSPRVQIEYDVEIYGSDRKVQLPFVMGVMADLTGKQVEPLPELAERKFVEIDIDNFDDRMESLKPRVAFGVPNTLTGDGQLLVDLTFEQLDDFSPAQVAHKIEPLRKLLEARTQLANLMSYMDGKTGAEELIAQVLQDPALLETLATNPRVPREADQPVRDEQAQES	SKAKVIERNRAPRVQIAYDVETYGSPTTIELPFVMGVMADLSGASQTREASKTVLDRSFVETDANRFPKFMEALGPRVKARVKNTLPQAEGQERDEELALDLTFTKMGDFAPDKIAEQVPQLAEILKMRRQLEELLGFMDGRVDAEKRIAQLLNNQPLLGQIA
Mesorhizobium_sp	NC_021149	WP_012703520.1	tssB	AVCA_RS23205		type VI secretion system contractile sheath small subunit		99	1	162	35.185	7.15e-24	'PKC_PHOSPHO_SITE' 'MYRISTYL' 'CK2_PHOSPHO_SITE'	MAESTQHKLDRIRPPRVQITYDVETGNAIEKKELPLVVGILADLSGKPEKPLPKLMERRFVEINRDNFNDVLASIAPRAALQVDNTLSQDGSKLNIELHFDHIDDFDPVNIVRQVTPLRRLFEARQRLRDLLTKLDGNDDLDKLLQDVVANTEGLQEIRSARPQAENPAGAPGAEPAADEPAAEPQA	SKAKVIERNRAPRVQIAYDVETYGSPTTIELPFVMGVMADLSGASQTREASKTVLDRSFVETDANRFPKFMEALGPRVKARVKNTLPQAEGQERDEELALDLTFTKMGDFAPDKIAEQVPQLAEILKMRRQLEELLGFMDGRVDAEKRIAQLLNNQPLLGQIA
P_putida_W15Oct28_AK81_RS26730	NC_003197	NP_459270.1		STM0273		type VI secretion system-associated protein	GeneID:1251791	85	13	154	28.965999999999998	8.179999999999999e-11	'PKC_PHOSPHO_SITE' 'CK2_PHOSPHO_SITE' 'ASN_GLYCOSYLATION'	MAINNSAQKFIARNRAPRVQIEYDVEIYGSEKKIELPFVMAVLADLAGKPREELPPVTDRKFLDIDIDNFNERMKAIAPRVAFAVPNTLTGEGQLMVDITLENMDDFSPAQIARKVDALNQLLEARTQLANLQTYMDGKAGAENLVNKLLQDPTLLKTLANAPKSAATQQDVSADNESAE	MSKNTGSVAPKERVNIKYVPATSDEQAEVELPHKMLVLGDFGLDDCRALEDRQVVRIDKHTFNSVLNDAGVSLDVSVPSRLSTAPDAELAVHLQFRSINDFGPDRIARQVPELNKLLELREALVALKGPLGNVPAFRKQLQHLLNNEQARKQLAQELDLVLEAPEKD
P_putida_W15Oct28_AK81_RS26730	NC_021149	WP_012703520.1	tssB	AVCA_RS23205		type VI secretion system contractile sheath small subunit		84	13	153	29.861	1.55e-07	'PKC_PHOSPHO_SITE' 'MYRISTYL' 'CK2_PHOSPHO_SITE'	MAESTQHKLDRIRPPRVQITYDVETGNAIEKKELPLVVGILADLSGKPEKPLPKLMERRFVEINRDNFNDVLASIAPRAALQVDNTLSQDGSKLNIELHFDHIDDFDPVNIVRQVTPLRRLFEARQRLRDLLTKLDGNDDLDKLLQDVVANTEGLQEIRSARPQAENPAGAPGAEPAADEPAAEPQA	MSKNTGSVAPKERVNIKYVPATSDEQAEVELPHKMLVLGDFGLDDCRALEDRQVVRIDKHTFNSVLNDAGVSLDVSVPSRLSTAPDAELAVHLQFRSINDFGPDRIARQVPELNKLLELREALVALKGPLGNVPAFRKQLQHLLNNEQARKQLAQELDLVLEAPEKD
P_putida_W15Oct28_AK81_RS26730	NC_021149	WP_012701234.1	tssB	AVCA_RS12170		type VI secretion system contractile sheath small subunit		68	13	126	30.769000000000002	1.69e-08	'PKC_PHOSPHO_SITE' 'MYRISTYL' 'CK2_PHOSPHO_SITE' 'CAMP_PHOSPHO_SITE'	MADIRKNSPQKDSGQKFVGRNRSPRVQIEYDVEIYGSDRKVQLPFVMGVMADLTGKQVEPLPELAERKFVEIDIDNFDDRMESLKPRVAFGVPNTLTGDGQLLVDLTFEQLDDFSPAQVAHKIEPLRKLLEARTQLANLMSYMDGKTGAEELIAQVLQDPALLETLATNPRVPREADQPVRDEQAQES	MSKNTGSVAPKERVNIKYVPATSDEQAEVELPHKMLVLGDFGLDDCRALEDRQVVRIDKHTFNSVLNDAGVSLDVSVPSRLSTAPDAELAVHLQFRSINDFGPDRIARQVPELNKLLELREALVALKGPLGNVPAFRKQLQHLLNNEQARKQLAQELDLVLEAPEKD
Paraburkholderia_caribensis	NC_021149	WP_012703520.1	tssB	AVCA_RS23205		type VI secretion system contractile sheath small subunit		97	5	169	52.727	2.7599999999999996e-58	'PKC_PHOSPHO_SITE' 'MYRISTYL' 'CK2_PHOSPHO_SITE'	MAESTQHKLDRIRPPRVQITYDVETGNAIEKKELPLVVGILADLSGKPEKPLPKLMERRFVEINRDNFNDVLASIAPRAALQVDNTLSQDGSKLNIELHFDHIDDFDPVNIVRQVTPLRRLFEARQRLRDLLTKLDGNDDLDKLLQDVVANTEGLQEIRSARPQAENPAGAPGAEPAADEPAAEPQA	MAKKESIQKRLQKVRPPRVQLTYEVERGDAIEVKELPFVVGVVADLAGQSEVEQPKLRDRKFVSIDRDNFDDVMKAIEPRAAFQVENRLSDAGGTFGVDVRFRSMADFNPDEVVAQIEPLRRLLEARSKLADLRNKLAGNDKLEDLLGEVLKNTQQLQALAGTTPRAEGD
Paraburkholderia_caribensis	NC_021149	WP_012701234.1	tssB	AVCA_RS12170		type VI secretion system contractile sheath small subunit		96	3	166	45.732	4.87e-40	'PKC_PHOSPHO_SITE' 'MYRISTYL' 'CK2_PHOSPHO_SITE' 'CAMP_PHOSPHO_SITE'	MADIRKNSPQKDSGQKFVGRNRSPRVQIEYDVEIYGSDRKVQLPFVMGVMADLTGKQVEPLPELAERKFVEIDIDNFDDRMESLKPRVAFGVPNTLTGDGQLLVDLTFEQLDDFSPAQVAHKIEPLRKLLEARTQLANLMSYMDGKTGAEELIAQVLQDPALLETLATNPRVPREADQPVRDEQAQES	MAKKESIQKRLQKVRPPRVQLTYEVERGDAIEVKELPFVVGVVADLAGQSEVEQPKLRDRKFVSIDRDNFDDVMKAIEPRAAFQVENRLSDAGGTFGVDVRFRSMADFNPDEVVAQIEPLRRLLEARSKLADLRNKLAGNDKLEDLLGEVLKNTQQLQALAGTTPRAEGD
Paraburkholderia_caribensis	NC_003197	NP_459270.1		STM0273		type VI secretion system-associated protein	GeneID:1251791	95	1	162	42.593	2.9299999999999994e-37	'PKC_PHOSPHO_SITE' 'CK2_PHOSPHO_SITE' 'ASN_GLYCOSYLATION'	MAINNSAQKFIARNRAPRVQIEYDVEIYGSEKKIELPFVMAVLADLAGKPREELPPVTDRKFLDIDIDNFNERMKAIAPRVAFAVPNTLTGEGQLMVDITLENMDDFSPAQIARKVDALNQLLEARTQLANLQTYMDGKAGAENLVNKLLQDPTLLKTLANAPKSAATQQDVSADNESAE	MAKKESIQKRLQKVRPPRVQLTYEVERGDAIEVKELPFVVGVVADLAGQSEVEQPKLRDRKFVSIDRDNFDDVMKAIEPRAAFQVENRLSDAGGTFGVDVRFRSMADFNPDEVVAQIEPLRRLLEARSKLADLRNKLAGNDKLEDLLGEVLKNTQQLQALAGTTPRAEGD
Rhizobium_tropici	NC_021149	WP_012703520.1	tssB	AVCA_RS23205		type VI secretion system contractile sheath small subunit		99	1	163	46.62600000000001	1.1599999999999994e-48	'PKC_PHOSPHO_SITE' 'MYRISTYL' 'CK2_PHOSPHO_SITE'	MAESTQHKLDRIRPPRVQITYDVETGNAIEKKELPLVVGILADLSGKPEKPLPKLMERRFVEINRDNFNDVLASIAPRAALQVDNTLSQDGSKLNIELHFDHIDDFDPVNIVRQVTPLRRLFEARQRLRDLLTKLDGNDDLDKLLQDVVANTEGLQEIRSARPQAENPAGAPGAEPAADEPAAEPQA	SVHEKLERVRKPRVHIKYEVETEGAMVIKELPFVVGVLGDFSGNPTQPLKPFGERKFVQIDRDNFDDVMRRMTPGLNISVENTLEGDGSQLPVSLKFESMEDFEPGSVVSQVPALKALLDARNQLRDLMSKADRSEELERLLEDVLQNKADLSKLMSELGLAEKP
Rhizobium_tropici	NC_003197	NP_459270.1		STM0273		type VI secretion system-associated protein	GeneID:1251791	95	1	157	40.764	3.7799999999999996e-34	'PKC_PHOSPHO_SITE' 'CK2_PHOSPHO_SITE' 'ASN_GLYCOSYLATION'	MAINNSAQKFIARNRAPRVQIEYDVEIYGSEKKIELPFVMAVLADLAGKPREELPPVTDRKFLDIDIDNFNERMKAIAPRVAFAVPNTLTGEGQLMVDITLENMDDFSPAQIARKVDALNQLLEARTQLANLQTYMDGKAGAENLVNKLLQDPTLLKTLANAPKSAATQQDVSADNESAE	SVHEKLERVRKPRVHIKYEVETEGAMVIKELPFVVGVLGDFSGNPTQPLKPFGERKFVQIDRDNFDDVMRRMTPGLNISVENTLEGDGSQLPVSLKFESMEDFEPGSVVSQVPALKALLDARNQLRDLMSKADRSEELERLLEDVLQNKADLSKLMSELGLAEKP
Rhizobium_tropici	NC_021149	WP_012701234.1	tssB	AVCA_RS12170		type VI secretion system contractile sheath small subunit		91	8	157	46.667	7.369999999999996e-38	'PKC_PHOSPHO_SITE' 'MYRISTYL' 'CK2_PHOSPHO_SITE' 'CAMP_PHOSPHO_SITE'	MADIRKNSPQKDSGQKFVGRNRSPRVQIEYDVEIYGSDRKVQLPFVMGVMADLTGKQVEPLPELAERKFVEIDIDNFDDRMESLKPRVAFGVPNTLTGDGQLLVDLTFEQLDDFSPAQVAHKIEPLRKLLEARTQLANLMSYMDGKTGAEELIAQVLQDPALLETLATNPRVPREADQPVRDEQAQES	SVHEKLERVRKPRVHIKYEVETEGAMVIKELPFVVGVLGDFSGNPTQPLKPFGERKFVQIDRDNFDDVMRRMTPGLNISVENTLEGDGSQLPVSLKFESMEDFEPGSVVSQVPALKALLDARNQLRDLMSKADRSEELERLLEDVLQNKADLSKLMSELGLAEKP
WP_013982573.1	NC_021149	WP_012700614.1	ccoP	AVCA_RS09140	1.9.3.1	cytochrome-c oxidase, cbb3-type subunit III		98	1	304	64.47399999999999	2.319999999999998e-153	"'PKC_PHOSPHO_SITE' 'MYRISTYL' 'CK2_PHOSPHO_SITE' 'CAMP_PHOSPHO_SITE'
 'ASN_GLYCOSYLATION' 'AMIDATION'"	MTSFWSSYITLLTVGTLVAVTWLLFATRKGERKGTTDQTMGHAFDGIEEYDNPLPKWWFWLFLGTVIFAVGYLALYPGLGNWKGVLPGYEEGWTGVNQYQKEMAKADEQYGPLFQKYAAMPIEEVAKQEQALKMGGRIFASNCSVCHGSDAKGAYGFPNLTDNDWLYGGEPETIKTTIMEGRKAAMPAWKDVIGEEGIKNTAAYVRSLSNLKAPEGVEVDLAEGQKIFQTNCVVCHGPEGKGVHAMGAPNLTDRVWLYGSSFAQVQQTLRHGRNGNMPAHKDFLGNDKAHLVAAYVYSLSNKATEK	MSTFWSGYIALLTLGTIVALFWLIFATRKGESAGTTDQTMGHAFDGIEEYDNPLPRWWFLLFICTLVFGILYLVLYPGLGNWKGVLPGYEGGWTQEKQWEREVAQADEKYGPIFAKYAAMSVEEVAQDPQAVKMGARLFANYCSICHGSDAKGSLGFPNLADQDWRWGGDAASIKTSILNGRIAAMPAWGQAIGEEGVKNVAAFVRNELAGLPLPEGTDADLGKGKEVYAQTCAVCHGQGGEGMAALGAPNLQHASGWIYGSSLGQLQQTIRHGRNGQMPAQQQYLGDDKVHLLAAYVYSLSQKPEQLANQ
YP_236485.1	NC_021149	WP_012700615.1		AVCA_RS09145		CcoQ/FixQ family Cbb3-type cytochrome c oxidase assembly chaperone		76	1	48	58.333	1.12e-18	'PKC_PHOSPHO_SITE' 'MYRISTYL' 'CK2_PHOSPHO_SITE' 'CAMP_PHOSPHO_SITE'	MDIGTLRGLGTALVLIAFVGMLIWVFNSKRKKSFDEAANLPFADEPESGKHDDKASRSKNE	MDIGMIRGLGTLVVMVAFIGLMLWVFSPARKADFDDATLLPFADDPEAIGKVETARAEREGRS
