qseqid	sseqid	qcovs	qstart	qend	pident	evalue	sseq	qseq	qseqlen
Rhizobium_tropici	NZ_CP031466.1@DSC91_RS08005	98	1	162	46.29600000000001	3.95e-42	MAKKESIQKRLQKVRPPRVQLTYEVERGDAIEIKELPFVVGVIADLAGQSEVEQPKLRDRKFVNIDRDNFDDVMKAIEPRAAFQVENRLSEAGGKFAVDLRFKSMADFNPDEVVAQIEPLRRLLEARSKLADLRNKLAGNDKLEDLLSEVLNNTQQLQTLAKDQGNAADQHAGAPDHDKQGE	SVHEKLERVRKPRVHIKYEVETEGAMVIKELPFVVGVLGDFSGNPTQPLKPFGERKFVQIDRDNFDDVMRRMTPGLNISVENTLEGDGSQLPVSLKFESMEDFEPGSVVSQVPALKALLDARNQLRDLMSKADRSEELERLLEDVLQNKADLSKLMSELGLAEKP	165
Rhizobium_tropici	NZ_CP022989.1@CJU94_RS14510	95	10	165	45.51300000000001	1.43e-37	MSVPSSSQKFIALNRAPRVQIEYDVEVYGSEKKVELPFVMGVLSDLSGQPREPLPPVAARGFLNIDIDNFDERMKAIEPRVAFTVPNTLSGEGQLMVDMTFESMEDFSPAAVARKVDSLRQLLEARTQLANLQTYMDGKSGAESLVNRLLQDPALLKSLAATPKPRAANATGDAMESSDATI	SVHEKLERVRKPRVHIKYEVETEGAMVIKELPFVVGVLGDFSGNPTQPLKPFGERKFVQIDRDNFDDVMRRMTPGLNISVENTLEGDGSQLPVSLKFESMEDFEPGSVVSQVPALKALLDARNQLRDLMSKADRSEELERLLEDVLQNKADLSKLMSELGLAEKP	165
Rhizobium_tropici	NZ_CP029641.1@DMB87_RS18680	97	6	165	43.125	8.66e-36	MSRNKSSDGGQKFIARNRAPRVQIEYDVELYGAEQKVQLPFVMGVLADLAGNRGEALPDLAERRFMEIDVDNFDDRMKSIAPALAFQVPNTLTGDGTMSVELAFRSIDDFAPAALARNVEPLRRLLEARTQLANLLSYMDGKRGAEELIARALGDPALLAELSEPKALAAPPARNPSEEDDHEPK	SVHEKLERVRKPRVHIKYEVETEGAMVIKELPFVVGVLGDFSGNPTQPLKPFGERKFVQIDRDNFDDVMRRMTPGLNISVENTLEGDGSQLPVSLKFESMEDFEPGSVVSQVPALKALLDARNQLRDLMSKADRSEELERLLEDVLQNKADLSKLMSELGLAEKP	165
Rhizobium_tropici	NZ_CP029640.1@DMB87_RS04755	86	8	149	43.662	4.2099999999999997e-32	MSDSKSTGQKFIGRNRAPRVQIEYDVETYGSNQSVDIPFVMGVLSDLAGKSNQQQPSLEQRKFLEIDVDNFDDRLKSVQPRAAFHVPNEISGSGKLAIDLTFESMEDFSPASVARMVPELNQLLMARRQLSNLLSYMDGKSNAEAMLMQALKSRPLLESIARLTDQTADQSRAPGQDQPAGSPSGDEPEA	SVHEKLERVRKPRVHIKYEVETEGAMVIKELPFVVGVLGDFSGNPTQPLKPFGERKFVQIDRDNFDDVMRRMTPGLNISVENTLEGDGSQLPVSLKFESMEDFEPGSVVSQVPALKALLDARNQLRDLMSKADRSEELERLLEDVLQNKADLSKLMSELGLAEKP	165
Rhizobium_tropici	NZ_CP013127.1@BD122_RS29490	84	6	144	43.448	3.71e-28	MRFRSEGTMATDSGQKFIRRNRAPRVHITYEDPYDAERLIELPFVMGVLSDLSGNNPGVEKTKVEERKFLEFDMDNFDNRMAAIQPGVTARVANRLSDGSDEKISVNLRFNKMADFTPVAVARQVPATAKLLEAREQLANLLRYMDGKVAAEDQLKKLLADPQLMAALRERATSQSTEPGTES	SVHEKLERVRKPRVHIKYEVETEGAMVIKELPFVVGVLGDFSGNPTQPLKPFGERKFVQIDRDNFDDVMRRMTPGLNISVENTLEGDGSQLPVSLKFESMEDFEPGSVVSQVPALKALLDARNQLRDLMSKADRSEELERLLEDVLQNKADLSKLMSELGLAEKP	165
Rhizobium_tropici	NZ_CP034445.1@EJ068_RS22015	93	6	158	36.25	2.41e-24	MPAESKAKVIERNRAPRVQIAYDVETYGSPTTIELPFVMAVMADLAGASQTKEASKSVLDRNFVETDANRFPKFMEAMGPRVKARVKNTLPQAEGQERDEELAIDLTFSKMGDFAPDKIAEQVPQLAEILKMRRQLEELLGFMDGRVDAEKRIAQLLNNEPLLSKIASQAMDDGKGEE	SVHEKLERVRKPRVHIKYEVETEGAMVIKELPFVVGVLGDFSGNPTQPLKPFGERKFVQIDRDNFDDVMRRMTPGLNISVENTLEGDGSQLPVSLKFESMEDFEPGSVVSQVPALKALLDARNQLRDLMSKADRSEELERLLEDVLQNKADLSKLMSELGLAEKP	165
Paraburkholderia_caribensis	NZ_CP031466.1@DSC91_RS08005	95	1	161	93.168	5.329999999999998e-106	MAKKESIQKRLQKVRPPRVQLTYEVERGDAIEIKELPFVVGVIADLAGQSEVEQPKLRDRKFVNIDRDNFDDVMKAIEPRAAFQVENRLSEAGGKFAVDLRFKSMADFNPDEVVAQIEPLRRLLEARSKLADLRNKLAGNDKLEDLLSEVLNNTQQLQTLAKDQGNAADQHAGAPDHDKQGE	MAKKESIQKRLQKVRPPRVQLTYEVERGDAIEVKELPFVVGVVADLAGQSEVEQPKLRDRKFVSIDRDNFDDVMKAIEPRAAFQVENRLSDAGGTFGVDVRFRSMADFNPDEVVAQIEPLRRLLEARSKLADLRNKLAGNDKLEDLLGEVLKNTQQLQALAGTTPRAEGD	170
Paraburkholderia_caribensis	NZ_CP022989.1@CJU94_RS14510	98	1	167	45.238	2.02e-38	MSVPSSSQKFIALNRAPRVQIEYDVEVYGSEKKVELPFVMGVLSDLSGQPREPLPPVAARGFLNIDIDNFDERMKAIEPRVAFTVPNTLSGEGQLMVDMTFESMEDFSPAAVARKVDSLRQLLEARTQLANLQTYMDGKSGAESLVNRLLQDPALLKSLAATPKPRAANATGDAMESSDATI	MAKKESIQKRLQKVRPPRVQLTYEVERGDAIEVKELPFVVGVVADLAGQSEVEQPKLRDRKFVSIDRDNFDDVMKAIEPRAAFQVENRLSDAGGTFGVDVRFRSMADFNPDEVVAQIEPLRRLLEARSKLADLRNKLAGNDKLEDLLGEVLKNTQQLQALAGTTPRAEGD	170
Paraburkholderia_caribensis	NZ_CP029641.1@DMB87_RS18680	91	8	161	46.104	1.65e-36	MSRNKSSDGGQKFIARNRAPRVQIEYDVELYGAEQKVQLPFVMGVLADLAGNRGEALPDLAERRFMEIDVDNFDDRMKSIAPALAFQVPNTLTGDGTMSVELAFRSIDDFAPAALARNVEPLRRLLEARTQLANLLSYMDGKRGAEELIARALGDPALLAELSEPKALAAPPARNPSEEDDHEPK	MAKKESIQKRLQKVRPPRVQLTYEVERGDAIEVKELPFVVGVVADLAGQSEVEQPKLRDRKFVSIDRDNFDDVMKAIEPRAAFQVENRLSDAGGTFGVDVRFRSMADFNPDEVVAQIEPLRRLLEARSKLADLRNKLAGNDKLEDLLGEVLKNTQQLQALAGTTPRAEGD	170
Paraburkholderia_caribensis	NZ_CP029640.1@DMB87_RS04755	95	3	164	41.358	1.93e-37	MSDSKSTGQKFIGRNRAPRVQIEYDVETYGSNQSVDIPFVMGVLSDLAGKSNQQQPSLEQRKFLEIDVDNFDDRLKSVQPRAAFHVPNEISGSGKLAIDLTFESMEDFSPASVARMVPELNQLLMARRQLSNLLSYMDGKSNAEAMLMQALKSRPLLESIARLTDQTADQSRAPGQDQPAGSPSGDEPEA	MAKKESIQKRLQKVRPPRVQLTYEVERGDAIEVKELPFVVGVVADLAGQSEVEQPKLRDRKFVSIDRDNFDDVMKAIEPRAAFQVENRLSDAGGTFGVDVRFRSMADFNPDEVVAQIEPLRRLLEARSKLADLRNKLAGNDKLEDLLGEVLKNTQQLQALAGTTPRAEGD	170
Paraburkholderia_caribensis	NZ_CP013127.1@BD122_RS29490	92	5	160	43.67100000000001	7.33e-32	MRFRSEGTMATDSGQKFIRRNRAPRVHITYEDPYDAERLIELPFVMGVLSDLSGNNPGVEKTKVEERKFLEFDMDNFDNRMAAIQPGVTARVANRLSDGSDEKISVNLRFNKMADFTPVAVARQVPATAKLLEAREQLANLLRYMDGKVAAEDQLKKLLADPQLMAALRERATSQSTEPGTES	MAKKESIQKRLQKVRPPRVQLTYEVERGDAIEVKELPFVVGVVADLAGQSEVEQPKLRDRKFVSIDRDNFDDVMKAIEPRAAFQVENRLSDAGGTFGVDVRFRSMADFNPDEVVAQIEPLRRLLEARSKLADLRNKLAGNDKLEDLLGEVLKNTQQLQALAGTTPRAEGD	170
Paraburkholderia_caribensis	NZ_CP034445.1@EJ068_RS22015	93	5	162	34.545	2.13e-23	MPAESKAKVIERNRAPRVQIAYDVETYGSPTTIELPFVMAVMADLAGASQTKEASKSVLDRNFVETDANRFPKFMEAMGPRVKARVKNTLPQAEGQERDEELAIDLTFSKMGDFAPDKIAEQVPQLAEILKMRRQLEELLGFMDGRVDAEKRIAQLLNNEPLLSKIASQAMDDGKGEE	MAKKESIQKRLQKVRPPRVQLTYEVERGDAIEVKELPFVVGVVADLAGQSEVEQPKLRDRKFVSIDRDNFDDVMKAIEPRAAFQVENRLSDAGGTFGVDVRFRSMADFNPDEVVAQIEPLRRLLEARSKLADLRNKLAGNDKLEDLLGEVLKNTQQLQALAGTTPRAEGD	170
Mesorhizobium_sp	NZ_CP031466.1@DSC91_RS08005	98	4	163	36.25	1.5e-25	MAKKESIQKRLQKVRPPRVQLTYEVERGDAIEIKELPFVVGVIADLAGQSEVEQPKLRDRKFVNIDRDNFDDVMKAIEPRAAFQVENRLSEAGGKFAVDLRFKSMADFNPDEVVAQIEPLRRLLEARSKLADLRNKLAGNDKLEDLLSEVLNNTQQLQTLAKDQGNAADQHAGAPDHDKQGE	SKAKVIERNRAPRVQIAYDVETYGSPTTIELPFVMGVMADLSGASQTREASKTVLDRSFVETDANRFPKFMEALGPRVKARVKNTLPQAEGQERDEELALDLTFTKMGDFAPDKIAEQVPQLAEILKMRRQLEELLGFMDGRVDAEKRIAQLLNNQPLLGQIA	163
Mesorhizobium_sp	NZ_CP022989.1@CJU94_RS14510	100	1	163	46.62600000000001	7.319999999999998e-38	MSVPSSSQKFIALNRAPRVQIEYDVEVYGSEKKVELPFVMGVLSDLSGQPREPLPPVAARGFLNIDIDNFDERMKAIEPRVAFTVPNTLSGEGQLMVDMTFESMEDFSPAAVARKVDSLRQLLEARTQLANLQTYMDGKSGAESLVNRLLQDPALLKSLAATPKPRAANATGDAMESSDATI	SKAKVIERNRAPRVQIAYDVETYGSPTTIELPFVMGVMADLSGASQTREASKTVLDRSFVETDANRFPKFMEALGPRVKARVKNTLPQAEGQERDEELALDLTFTKMGDFAPDKIAEQVPQLAEILKMRRQLEELLGFMDGRVDAEKRIAQLLNNQPLLGQIA	163
Mesorhizobium_sp	NZ_CP029641.1@DMB87_RS18680	98	4	163	41.875	1.5399999999999997e-33	MSRNKSSDGGQKFIARNRAPRVQIEYDVELYGAEQKVQLPFVMGVLADLAGNRGEALPDLAERRFMEIDVDNFDDRMKSIAPALAFQVPNTLTGDGTMSVELAFRSIDDFAPAALARNVEPLRRLLEARTQLANLLSYMDGKRGAEELIARALGDPALLAELSEPKALAAPPARNPSEEDDHEPK	SKAKVIERNRAPRVQIAYDVETYGSPTTIELPFVMGVMADLSGASQTREASKTVLDRSFVETDANRFPKFMEALGPRVKARVKNTLPQAEGQERDEELALDLTFTKMGDFAPDKIAEQVPQLAEILKMRRQLEELLGFMDGRVDAEKRIAQLLNNQPLLGQIA	163
Mesorhizobium_sp	NZ_CP029640.1@DMB87_RS04755	98	4	163	45.625	3.1699999999999997e-41	MSDSKSTGQKFIGRNRAPRVQIEYDVETYGSNQSVDIPFVMGVLSDLAGKSNQQQPSLEQRKFLEIDVDNFDDRLKSVQPRAAFHVPNEISGSGKLAIDLTFESMEDFSPASVARMVPELNQLLMARRQLSNLLSYMDGKSNAEAMLMQALKSRPLLESIARLTDQTADQSRAPGQDQPAGSPSGDEPEA	SKAKVIERNRAPRVQIAYDVETYGSPTTIELPFVMGVMADLSGASQTREASKTVLDRSFVETDANRFPKFMEALGPRVKARVKNTLPQAEGQERDEELALDLTFTKMGDFAPDKIAEQVPQLAEILKMRRQLEELLGFMDGRVDAEKRIAQLLNNQPLLGQIA	163
Mesorhizobium_sp	NZ_CP013127.1@BD122_RS29490	99	1	162	44.444	4.849999999999999e-36	MRFRSEGTMATDSGQKFIRRNRAPRVHITYEDPYDAERLIELPFVMGVLSDLSGNNPGVEKTKVEERKFLEFDMDNFDNRMAAIQPGVTARVANRLSDGSDEKISVNLRFNKMADFTPVAVARQVPATAKLLEAREQLANLLRYMDGKVAAEDQLKKLLADPQLMAALRERATSQSTEPGTES	SKAKVIERNRAPRVQIAYDVETYGSPTTIELPFVMGVMADLSGASQTREASKTVLDRSFVETDANRFPKFMEALGPRVKARVKNTLPQAEGQERDEELALDLTFTKMGDFAPDKIAEQVPQLAEILKMRRQLEELLGFMDGRVDAEKRIAQLLNNQPLLGQIA	163
Mesorhizobium_sp	NZ_CP034445.1@EJ068_RS22015	100	1	163	93.252	4.189999999999998e-111	MPAESKAKVIERNRAPRVQIAYDVETYGSPTTIELPFVMAVMADLAGASQTKEASKSVLDRNFVETDANRFPKFMEAMGPRVKARVKNTLPQAEGQERDEELAIDLTFSKMGDFAPDKIAEQVPQLAEILKMRRQLEELLGFMDGRVDAEKRIAQLLNNEPLLSKIASQAMDDGKGEE	SKAKVIERNRAPRVQIAYDVETYGSPTTIELPFVMGVMADLSGASQTREASKTVLDRSFVETDANRFPKFMEALGPRVKARVKNTLPQAEGQERDEELALDLTFTKMGDFAPDKIAEQVPQLAEILKMRRQLEELLGFMDGRVDAEKRIAQLLNNQPLLGQIA	163
P_putida_W15Oct28_AK81_RS26730	NZ_CP031466.1@DSC91_RS08005	86	13	156	32.653	5.32e-12	MAKKESIQKRLQKVRPPRVQLTYEVERGDAIEIKELPFVVGVIADLAGQSEVEQPKLRDRKFVNIDRDNFDDVMKAIEPRAAFQVENRLSEAGGKFAVDLRFKSMADFNPDEVVAQIEPLRRLLEARSKLADLRNKLAGNDKLEDLLSEVLNNTQQLQTLAKDQGNAADQHAGAPDHDKQGE	MSKNTGSVAPKERVNIKYVPATSDEQAEVELPHKMLVLGDFGLDDCRALEDRQVVRIDKHTFNSVLNDAGVSLDVSVPSRLSTAPDAELAVHLQFRSINDFGPDRIARQVPELNKLLELREALVALKGPLGNVPAFRKQLQHLLNNEQARKQLAQELDLVLEAPEKD	167
P_putida_W15Oct28_AK81_RS26730	NZ_CP022989.1@CJU94_RS14510	85	13	154	28.966	2.26e-07	MSVPSSSQKFIALNRAPRVQIEYDVEVYGSEKKVELPFVMGVLSDLSGQPREPLPPVAARGFLNIDIDNFDERMKAIEPRVAFTVPNTLSGEGQLMVDMTFESMEDFSPAAVARKVDSLRQLLEARTQLANLQTYMDGKSGAESLVNRLLQDPALLKSLAATPKPRAANATGDAMESSDATI	MSKNTGSVAPKERVNIKYVPATSDEQAEVELPHKMLVLGDFGLDDCRALEDRQVVRIDKHTFNSVLNDAGVSLDVSVPSRLSTAPDAELAVHLQFRSINDFGPDRIARQVPELNKLLELREALVALKGPLGNVPAFRKQLQHLLNNEQARKQLAQELDLVLEAPEKD	167
P_putida_W15Oct28_AK81_RS26730	NZ_CP029641.1@DMB87_RS18680	68	13	126	35.897	1.12e-11	MSRNKSSDGGQKFIARNRAPRVQIEYDVELYGAEQKVQLPFVMGVLADLAGNRGEALPDLAERRFMEIDVDNFDDRMKSIAPALAFQVPNTLTGDGTMSVELAFRSIDDFAPAALARNVEPLRRLLEARTQLANLLSYMDGKRGAEELIARALGDPALLAELSEPKALAAPPARNPSEEDDHEPK	MSKNTGSVAPKERVNIKYVPATSDEQAEVELPHKMLVLGDFGLDDCRALEDRQVVRIDKHTFNSVLNDAGVSLDVSVPSRLSTAPDAELAVHLQFRSINDFGPDRIARQVPELNKLLELREALVALKGPLGNVPAFRKQLQHLLNNEQARKQLAQELDLVLEAPEKD	167
P_putida_W15Oct28_AK81_RS26730	NZ_CP029640.1@DMB87_RS04755	75	2	126	35.075	4.1e-11	MSDSKSTGQKFIGRNRAPRVQIEYDVETYGSNQSVDIPFVMGVLSDLAGKSNQQQPSLEQRKFLEIDVDNFDDRLKSVQPRAAFHVPNEISGSGKLAIDLTFESMEDFSPASVARMVPELNQLLMARRQLSNLLSYMDGKSNAEAMLMQALKSRPLLESIARLTDQTADQSRAPGQDQPAGSPSGDEPEA	MSKNTGSVAPKERVNIKYVPATSDEQAEVELPHKMLVLGDFGLDDCRALEDRQVVRIDKHTFNSVLNDAGVSLDVSVPSRLSTAPDAELAVHLQFRSINDFGPDRIARQVPELNKLLELREALVALKGPLGNVPAFRKQLQHLLNNEQARKQLAQELDLVLEAPEKD	167
P_putida_W15Oct28_AK81_RS26730	NZ_CP013127.1@BD122_RS29490	81	13	148	33.333	5.08e-12	MRFRSEGTMATDSGQKFIRRNRAPRVHITYEDPYDAERLIELPFVMGVLSDLSGNNPGVEKTKVEERKFLEFDMDNFDNRMAAIQPGVTARVANRLSDGSDEKISVNLRFNKMADFTPVAVARQVPATAKLLEAREQLANLLRYMDGKVAAEDQLKKLLADPQLMAALRERATSQSTEPGTES	MSKNTGSVAPKERVNIKYVPATSDEQAEVELPHKMLVLGDFGLDDCRALEDRQVVRIDKHTFNSVLNDAGVSLDVSVPSRLSTAPDAELAVHLQFRSINDFGPDRIARQVPELNKLLELREALVALKGPLGNVPAFRKQLQHLLNNEQARKQLAQELDLVLEAPEKD	167
P_putida_W15Oct28_AK81_RS26730	NZ_CP034445.1@EJ068_RS22015	81	13	147	34.483000000000004	5.86e-15	MPAESKAKVIERNRAPRVQIAYDVETYGSPTTIELPFVMAVMADLAGASQTKEASKSVLDRNFVETDANRFPKFMEAMGPRVKARVKNTLPQAEGQERDEELAIDLTFSKMGDFAPDKIAEQVPQLAEILKMRRQLEELLGFMDGRVDAEKRIAQLLNNEPLLSKIASQAMDDGKGEE	MSKNTGSVAPKERVNIKYVPATSDEQAEVELPHKMLVLGDFGLDDCRALEDRQVVRIDKHTFNSVLNDAGVSLDVSVPSRLSTAPDAELAVHLQFRSINDFGPDRIARQVPELNKLLELREALVALKGPLGNVPAFRKQLQHLLNNEQARKQLAQELDLVLEAPEKD	167
